sample	subcst	cst	score
V000	I-A	I	0.9831
V001	I-A	I	0.9822
V002	IV-B	IV	0.7007
V003	IV-B	IV	0.6519
V004	IV-B	IV	0.6611
V005	IV-B	IV	0.7063
V006	III-A	III	0.9683
V007	I-A	I	0.9805
V008	IV-B	IV	0.6332
V009	IV-B	IV	0.7368
V010	I-A	I	0.9817
V011	IV-B	IV	0.7321
V012	I-A	I	0.9812
V013	IV-B	IV	0.7257
V014	IV-B	IV	0.6716
V015	I-A	I	0.9769
V016	III-A	III	0.9578
V017	IV-B	IV	0.7048
V018	IV-B	IV	0.7267
V019	IV-B	IV	0.7081
V020	IV-B	IV	0.6609
V021	IV-B	IV	0.6083
V022	III-A	III	0.9768
V023	III-A	III	0.9745
V024	III-A	III	0.9767
V025	III-A	III	0.9692
V026	IV-B	IV	0.6821
V027	IV-B	IV	0.7107
V028	III-A	III	0.962
V029	I-A	I	0.9823
V030	IV-B	IV	0.6282
V031	III-A	III	0.9697
V032	IV-B	IV	0.6915
V033	IV-B	IV	0.6333
V034	IV-B	IV	0.7291
V035	IV-B	IV	0.6045
V036	IV-B	IV	0.6349
V037	I-A	I	0.9816
V038	IV-B	IV	0.5939
V039	III-A	III	0.9718
V040	III-A	III	0.9706
V041	III-A	III	0.9586
V042	IV-B	IV	0.6847
V043	III-A	III	0.9596
V044	I-B	I	0.9765
V045	IV-B	IV	0.6843
V046	I-A	I	0.9839
V047	I-A	I	0.982
V048	IV-B	IV	0.7164
V049	I-B	I	0.9775
V050	I-A	I	0.9781
V051	IV-B	IV	0.5912
V052	IV-B	IV	0.6902
V053	IV-B	IV	0.6988
V054	I-A	I	0.9797
V055	I-A	I	0.9766
V056	I-A	I	0.9767
V057	III-A	III	0.9599
V058	I-B	I	0.9754
V059	IV-B	IV	0.5602
V060	I-A	I	0.984
V061	IV-B	IV	0.7209
V062	IV-B	IV	0.722
V063	IV-B	IV	0.6038
V064	III-A	III	0.9663
V065	IV-B	IV	0.7274
V066	I-A	I	0.9804
V067	III-A	III	0.9477
V068	IV-B	IV	0.7074
V069	IV-B	IV	0.6142
V070	I-A	I	0.9791
V071	IV-B	IV	0.7165
V072	IV-B	IV	0.6911
V073	IV-B	IV	0.6493
V074	I-A	I	0.9853
V075	IV-B	IV	0.6414
V076	IV-B	IV	0.729
V077	IV-B	IV	0.5777
V078	I-A	I	0.9827
V079	I-A	I	0.9822
V080	IV-B	IV	0.6858
V081	III-A	III	0.9584
V082	I-A	I	0.9784
V083	III-A	III	0.9494
V084	III-A	III	0.9579
V085	IV-B	IV	0.6676
V086	IV-B	IV	0.731
V087	IV-B	IV	0.7035
V088	I-A	I	0.9829
V089	I-A	I	0.982
V090	I-B	I	0.9784
V091	III-A	III	0.973
V092	IV-B	IV	0.6818
V093	I-A	I	0.9774
V094	I-A	I	0.9814
V095	III-A	III	0.9601
V096	IV-B	IV	0.743
V097	III-A	III	0.974
V098	IV-B	IV	0.6147
V099	IV-B	IV	0.621
V100	IV-B	IV	0.7357
V101	IV-B	IV	0.6598
V102	IV-B	IV	0.7226
V103	I-A	I	0.9791
V104	IV-B	IV	0.6839
V105	IV-B	IV	0.7352
V106	IV-B	IV	0.7103
V107	III-A	III	0.9594
V108	I-A	I	0.9776
V109	I-B	I	0.9785
V110	I-B	I	0.9773
V111	IV-B	IV	0.6902
V112	IV-B	IV	0.6552
V113	III-A	III	0.9743
V114	I-A	I	0.9836
V115	III-A	III	0.947
V116	I-A	I	0.9843
V117	IV-B	IV	0.6365
V118	I-A	I	0.9834
V119	IV-B	IV	0.6254
V120	IV-B	IV	0.7125
V121	IV-B	IV	0.6225
V122	IV-B	IV	0.7257
V123	IV-B	IV	0.6784
V124	III-A	III	0.9762
V125	I-A	I	0.9851
V126	IV-B	IV	0.6659
V127	I-A	I	0.9777
V128	IV-B	IV	0.5623
V129	IV-B	IV	0.6789
V130	IV-B	IV	0.6287
V131	I-B	I	0.9754
V132	I-A	I	0.9844
V133	IV-B	IV	0.6774
V134	I-B	I	0.9755
V135	I-A	I	0.9829
V136	IV-B	IV	0.7268
V137	III-A	III	0.9614
V138	IV-B	IV	0.7377
V139	IV-B	IV	0.7088
V140	I-A	I	0.9779
V141	IV-B	IV	0.6519
V142	IV-B	IV	0.7222
V143	III-A	III	0.9656
V144	III-A	III	0.964
V145	IV-B	IV	0.644
V146	I-A	I	0.9835
V147	IV-B	IV	0.7264
V148	I-A	I	0.9822
V149	IV-B	IV	0.7271
V150	IV-B	IV	0.7436
V151	III-A	III	0.9718
V152	IV-B	IV	0.728
V153	III-A	III	0.9738
V154	I-B	I	0.9783
V155	IV-B	IV	0.6697
V156	IV-B	IV	0.6457
V157	III-A	III	0.9695
V158	I-A	I	0.9801
V159	IV-B	IV	0.623
V160	IV-B	IV	0.6601
V161	IV-B	IV	0.6841
V162	I-A	I	0.9761
V163	IV-B	IV	0.6779
V164	I-A	I	0.9756
V165	IV-B	IV	0.6232
V166	IV-B	IV	0.7413
V167	I-B	I	0.9758
V168	IV-B	IV	0.5363
V169	III-A	III	0.9663
V170	IV-B	IV	0.7391
V171	I-A	I	0.9848
V172	IV-B	IV	0.6702
V173	III-A	III	0.9535
V174	IV-B	IV	0.6478
V175	IV-B	IV	0.7396
V176	I-B	I	0.9755
V177	III-A	III	0.9707
V178	I-A	I	0.9779
V179	III-A	III	0.9739
V180	IV-B	IV	0.6822
V181	I-A	I	0.9853
V182	I-B	I	0.9754
V183	I-A	I	0.9784
V184	III-A	III	0.9694
V185	IV-B	IV	0.7211
V186	I-A	I	0.9823
V187	I-A	I	0.9842
V188	I-B	I	0.9758
V189	IV-B	IV	0.7159
V190	IV-B	IV	0.6261
V191	III-A	III	0.9646
V192	I-A	I	0.9832
V193	I-A	I	0.9796
V194	I-A	I	0.9795
V195	I-A	I	0.9782
V196	I-B	I	0.9765
V197	I-A	I	0.9759
V198	I-A	I	0.9756
V199	I-B	I	0.9771
