	carbohydrate_g	fat_g	folate_ug	age	bmi	race
V000	250.1	45.1	421.0	21.8	31.7	Black
V001	267.9	87.2	447.1	32.9	37.6	Black
V002	233.6	79.9	354.8	29.7	36.1	White
V003	196.6	87.5	523.5	31.5	24.9	Black
V004	222.7	107.6	425.2	21.5	29.7	White
V005	190.5	99.7	254.4	28.2	26.6	Black
V006	253.6	47.1	288.3	27.0	26.5	Hispanic
V007	330.4	36.2	496.7	25.7	33.7	White
V008	220.5	86.3	455.7	18.7	19.4	White
V009	212.8	49.7	172.1	28.3	31.3	White
V010	279.4	69.8	561.7	34.5	25.8	Asian
V011	271.4	86.8	471.8	31.9	33.0	Asian
V012	256.3	37.1	561.2	27.0	26.9	White
V013	194.2	27.8	354.0	29.9	22.6	Hispanic
V014	248.2	75.2	364.5	33.8	27.4	Black
V015	291.7	70.9	264.8	16.2	29.7	Hispanic
V016	169.3	65.1	704.4	29.4	26.2	Black
V017	222.5	70.8	378.9	32.7	28.4	Asian
V018	135.9	52.8	590.5	33.4	23.4	Hispanic
V019	172.6	39.7	322.3	38.5	15.3	White
V020	139.5	66.7	419.7	35.7	30.5	Hispanic
V021	235.9	50.6	199.4	31.6	29.5	White
V022	174.0	37.1	354.1	31.5	26.7	Hispanic
V023	266.3	80.1	518.1	33.9	26.3	Black
V024	259.4	68.8	249.8	27.3	31.2	Black
V025	238.8	78.1	528.7	29.8	23.7	Black
V026	99.0	50.2	440.5	34.5	22.5	Hispanic
V027	217.7	56.8	274.7	39.8	25.1	Asian
V028	247.1	50.0	339.8	29.2	31.9	Hispanic
V029	256.8	52.3	344.9	29.8	19.1	Black
V030	158.2	73.9	394.1	31.0	32.0	Black
V031	221.3	54.3	335.7	36.7	22.8	Black
V032	191.3	77.1	300.7	29.8	20.5	Black
V033	201.5	76.8	363.4	37.3	32.3	Hispanic
V034	313.7	110.5	276.8	25.2	25.5	Asian
V035	201.5	42.1	245.3	29.1	19.5	White
V036	248.0	87.8	394.2	29.0	24.2	Black
V037	303.1	68.2	505.9	33.9	30.7	White
V038	215.0	69.7	216.5	35.2	32.0	Asian
V039	243.3	41.0	400.4	22.5	23.9	Hispanic
V040	256.6	60.8	322.0	25.4	28.0	White
V041	253.8	84.9	282.7	31.7	29.6	Asian
V042	176.5	68.4	502.4	26.7	22.8	Black
V043	254.6	71.6	337.8	22.4	27.8	Black
V044	331.5	64.2	579.8	35.2	25.8	Black
V045	157.2	93.1	306.4	32.5	23.3	Hispanic
V046	301.6	69.6	446.4	32.5	23.5	Hispanic
V047	257.2	26.0	372.7	27.6	26.3	White
V048	211.5	56.2	309.5	35.1	26.1	Hispanic
V049	370.0	30.6	470.5	28.8	23.2	Black
V050	295.7	5.0	381.4	35.5	23.9	Asian
V051	178.0	59.4	472.4	25.4	31.6	Hispanic
V052	254.5	96.7	394.3	25.7	27.1	Asian
V053	284.6	70.9	269.7	31.0	30.4	Black
V054	238.7	46.5	387.8	26.5	32.0	Hispanic
V055	291.0	51.2	406.2	33.4	28.9	Black
V056	246.0	92.6	515.0	31.3	37.4	Asian
V057	290.0	73.2	291.2	25.4	21.9	Hispanic
V058	336.3	71.0	395.3	30.4	30.0	Asian
V059	209.5	68.9	193.4	28.2	24.4	Hispanic
V060	262.2	70.8	478.2	34.6	35.3	Asian
V061	222.2	86.1	270.2	26.8	34.5	White
V062	257.6	81.1	183.2	27.8	16.2	White
V063	178.8	74.3	392.9	36.1	21.2	Hispanic
V064	215.2	49.1	532.7	41.2	29.3	White
V065	238.2	80.2	217.1	40.0	29.9	White
V066	303.9	56.3	269.4	30.3	29.7	Hispanic
V067	318.7	91.9	310.8	31.1	25.6	Asian
V068	170.6	44.6	264.5	37.7	28.3	Black
V069	202.3	67.2	445.5	29.4	29.3	White
V070	288.8	69.9	303.1	25.1	25.6	Hispanic
V071	130.5	43.5	313.4	30.6	31.1	Black
V072	222.2	104.4	470.0	32.3	14.7	Asian
V073	244.2	99.2	309.3	25.9	29.2	White
V074	325.4	60.7	451.9	21.8	20.8	White
V075	291.4	85.4	283.4	22.8	30.8	Asian
V076	230.4	77.6	254.5	33.3	24.9	Hispanic
V077	227.9	17.7	179.7	26.2	21.6	Black
V078	235.0	75.0	623.3	29.3	27.9	Black
V079	341.4	68.8	361.6	31.1	21.4	Hispanic
V080	224.3	71.7	429.3	33.1	21.4	White
V081	231.8	48.5	396.3	28.3	18.2	Asian
V082	271.2	64.6	419.2	32.5	25.9	Black
V083	242.8	66.4	406.0	25.5	28.5	Asian
V084	238.2	93.8	629.0	28.2	31.1	Asian
V085	183.2	76.7	275.3	24.9	25.3	White
V086	249.3	69.9	213.1	35.7	31.2	Asian
V087	223.4	100.6	278.6	29.9	26.1	Hispanic
V088	320.0	58.9	239.8	26.3	25.5	Asian
V089	289.2	62.2	489.6	28.2	28.9	Hispanic
V090	248.6	33.7	498.4	28.9	31.3	Black
V091	290.1	101.4	284.6	33.5	24.3	Hispanic
V092	229.6	89.3	233.1	22.0	24.8	Black
V093	313.1	88.3	357.4	24.8	25.2	Black
V094	249.7	83.4	566.9	28.1	26.4	Hispanic
V095	285.0	72.2	61.7	42.7	21.5	Black
V096	172.5	74.3	463.2	34.8	31.1	Asian
V097	270.8	65.0	270.9	29.4	24.0	White
V098	148.7	65.9	524.8	33.6	28.3	Black
V099	127.9	71.1	270.6	40.3	21.9	White
V100	231.7	100.2	365.8	28.8	27.8	Hispanic
V101	196.0	81.1	219.2	28.2	28.0	Hispanic
V102	259.8	68.8	282.7	36.1	23.9	White
V103	384.7	58.4	566.3	32.5	36.1	White
V104	200.1	57.3	498.5	33.4	27.9	Hispanic
V105	212.6	102.1	351.8	27.5	34.9	White
V106	262.3	80.1	295.6	39.6	30.8	Asian
V107	279.6	71.4	172.7	38.5	22.7	Black
V108	239.4	63.1	352.8	32.8	24.1	Hispanic
V109	237.6	47.8	396.3	33.4	28.2	White
V110	292.1	68.7	389.9	19.9	26.3	Hispanic
V111	281.2	87.5	388.7	33.2	26.2	White
V112	188.0	62.1	265.4	29.0	24.6	White
V113	245.2	65.5	392.0	32.2	17.0	Asian
V114	252.1	65.6	395.4	33.4	24.9	Asian
V115	186.7	72.2	554.9	28.3	14.9	Black
V116	265.6	38.1	624.0	21.5	27.9	Asian
V117	198.5	65.3	383.6	31.8	22.4	White
V118	308.3	52.9	308.0	26.3	22.4	Hispanic
V119	261.6	87.7	392.2	28.3	24.9	Hispanic
V120	255.4	54.6	327.1	27.0	27.4	Asian
V121	214.5	81.5	310.9	28.3	18.8	White
V122	242.9	100.5	393.0	18.5	17.3	Hispanic
V123	130.1	63.7	274.8	36.1	20.7	White
V124	182.1	58.0	472.7	31.3	15.8	Black
V125	271.8	73.8	387.5	35.6	21.2	Asian
V126	122.3	70.0	430.0	39.9	34.0	Hispanic
V127	300.8	50.1	378.0	30.1	20.7	Asian
V128	145.2	79.2	312.7	21.0	29.3	White
V129	295.4	110.3	286.2	25.5	19.1	Hispanic
V130	199.3	64.8	371.5	24.0	27.5	Asian
V131	296.7	65.9	334.1	27.5	24.4	White
V132	257.9	49.1	428.1	30.4	25.7	Asian
V133	157.8	76.4	399.5	20.0	28.8	Black
V134	324.9	45.1	236.5	31.7	34.8	Black
V135	336.5	47.9	408.1	22.4	27.0	White
V136	246.1	95.6	238.9	31.5	26.6	Asian
V137	233.6	51.9	326.0	29.5	21.1	White
V138	240.4	91.6	364.7	28.4	28.9	Asian
V139	191.5	100.5	151.0	29.6	24.8	White
V140	315.9	75.2	411.0	27.3	30.2	White
V141	217.4	81.1	418.1	26.9	25.8	White
V142	246.9	109.0	381.0	21.6	34.7	Hispanic
V143	202.4	66.1	349.1	29.9	16.1	Hispanic
V144	212.4	58.1	355.2	39.2	24.5	White
V145	173.3	42.9	282.8	39.9	30.4	White
V146	325.4	70.8	367.6	36.6	24.2	Black
V147	240.8	99.6	333.7	33.5	22.0	White
V148	308.0	89.2	411.0	26.6	24.7	Hispanic
V149	250.8	51.2	255.5	37.2	19.1	Asian
V150	208.3	52.9	428.3	29.7	26.6	Black
V151	230.4	59.9	417.2	29.7	38.2	Black
V152	216.4	75.8	383.0	28.5	31.7	Hispanic
V153	250.5	65.9	347.3	30.5	20.5	Black
V154	227.5	74.3	466.3	27.8	21.6	White
V155	232.0	75.9	200.2	29.6	24.0	White
V156	167.3	64.0	455.3	24.6	31.0	Hispanic
V157	201.6	69.2	429.2	28.1	21.9	Asian
V158	349.2	74.1	434.0	41.4	22.5	Hispanic
V159	209.7	68.3	446.0	29.7	30.4	Hispanic
V160	186.8	80.1	321.6	28.8	30.3	White
V161	270.2	107.4	368.9	32.7	24.1	Hispanic
V162	334.4	81.8	476.4	33.5	20.4	Hispanic
V163	162.8	71.1	451.7	24.4	18.3	Hispanic
V164	237.5	36.3	424.8	29.0	22.5	White
V165	212.1	77.8	218.3	34.6	14.8	White
V166	144.3	31.1	464.5	31.3	29.7	Asian
V167	294.1	41.8	540.3	30.6	22.8	Black
V168	248.6	87.1	521.2	37.8	28.4	White
V169	254.3	84.1	428.1	26.6	35.3	Hispanic
V170	204.9	67.0	213.1	30.4	31.9	Hispanic
V171	277.3	35.8	513.1	27.4	20.2	Asian
V172	217.6	62.6	382.3	37.5	30.3	Hispanic
V173	241.4	56.4	96.1	20.2	31.8	Asian
V174	183.5	82.7	445.3	26.6	22.3	Asian
V175	177.0	115.2	220.9	27.4	21.2	Hispanic
V176	330.1	74.3	244.4	33.3	25.5	Hispanic
V177	219.6	54.4	323.8	33.0	18.0	Hispanic
V178	267.5	46.6	552.7	37.0	33.4	White
V179	248.0	68.9	355.5	22.1	14.0	White
V180	223.5	66.5	432.5	33.8	20.5	White
V181	219.5	47.0	609.8	28.5	24.7	Asian
V182	287.8	72.3	591.3	26.7	24.9	Black
V183	231.9	47.0	387.6	32.7	26.8	White
V184	240.9	92.2	371.0	25.4	27.4	White
V185	251.3	91.3	248.7	19.6	24.9	White
V186	320.6	91.7	316.7	28.1	31.7	Black
V187	290.8	60.5	451.0	22.5	15.3	Hispanic
V188	273.0	80.3	447.5	26.8	26.0	Asian
V189	216.2	67.4	413.2	31.9	22.4	Asian
V190	167.1	62.2	519.4	31.6	26.7	Asian
V191	307.0	63.2	307.3	37.9	27.1	Asian
V192	308.0	44.0	393.3	29.0	21.4	Black
V193	241.6	41.1	487.7	22.3	22.8	Black
V194	282.5	85.9	470.1	26.2	30.0	Hispanic
V195	296.9	66.2	528.5	25.4	27.7	White
V196	299.9	74.3	447.6	23.9	22.6	Hispanic
V197	305.3	90.0	362.9	32.2	36.2	White
V198	222.7	35.3	443.5	26.8	37.5	White
V199	340.9	54.3	279.7	20.1	18.7	Asian
