	Lactobacillus_crispatus	Lactobacillus_iners	Lactobacillus_gasseri	Gardnerella_vaginalis	Prevotella_bivia	Atopobium_vaginae	Sneathia_amnii
V000	10559	591	355	236	236	236	118
V001	8729	499	300	200	200	200	100
V002	442	737	295	5543	2925	1475	1180
V003	471	785	314	6377	3991	1570	1256
V004	757	1262	505	10795	6356	2525	2020
V005	415	691	276	6020	2790	1382	1106
V006	287	4316	230	287	172	115	115
V007	12042	716	430	286	286	286	143
V008	809	1348	539	8185	6063	2697	2158
V009	345	574	230	4332	1850	1149	919
V010	17778	1029	617	411	411	411	206
V011	840	1400	560	10387	4642	2800	2240
V012	15474	905	543	362	362	362	181
V013	244	407	163	3892	1370	814	651
V014	244	406	163	3027	1823	813	650
V015	6170	396	237	158	158	158	79
V016	687	9192	550	687	412	275	275
V017	589	981	393	9759	4012	1963	1570
V018	359	599	239	5484	2048	1197	958
V019	579	965	386	7462	3730	1931	1544
V020	734	1224	490	11366	6413	2448	1958
V021	253	421	169	3020	2300	843	674
V022	432	7324	345	432	259	173	173
V023	838	13711	671	838	503	335	335
V024	984	16658	788	984	591	394	394
V025	1020	15526	816	1020	612	408	408
V026	729	1215	486	8363	4994	2429	1944
V027	546	909	364	8826	3552	1819	1455
V028	1168	16327	935	1168	701	467	467
V029	4647	266	159	106	106	106	53
V030	231	385	154	2995	2078	770	616
V031	496	7589	397	496	298	198	198
V032	395	659	263	5726	2894	1317	1054
V033	285	476	190	3620	2489	951	761
V034	294	489	196	3307	1600	979	783
V035	477	795	318	5513	4292	1589	1271
V036	613	1021	409	9467	5961	2043	1634
V037	18564	1077	646	431	431	431	215
V038	727	1211	484	8173	6623	2422	1938
V039	981	15440	785	981	589	393	393
V040	858	13294	687	858	515	343	343
V041	1221	16471	977	1221	733	488	488
V042	583	971	389	8441	4422	1943	1554
V043	659	8987	527	659	396	264	264
V044	10697	724	434	290	290	290	145
V045	513	855	342	6393	3647	1711	1368
V046	12036	659	396	264	264	264	132
V047	15890	913	548	365	365	365	183
V048	244	406	162	4033	1483	812	649
V049	12553	868	521	347	347	347	174
V050	4801	301	180	120	120	120	60
V051	837	1394	558	8846	7353	2789	2231
V052	597	996	398	9421	4507	1991	1593
V053	721	1202	481	9336	4882	2405	1924
V054	16911	1023	614	409	409	409	205
V055	7455	480	288	192	192	192	96
V056	9246	595	357	238	238	238	119
V057	1386	18949	1108	1386	831	554	554
V058	19414	1282	769	513	513	513	256
V059	791	1318	527	8640	7774	2636	2109
V060	14360	786	472	314	314	314	157
V061	637	1061	425	8185	3812	2123	1698
V062	589	981	393	6306	3250	1963	1570
V063	378	631	252	4811	3640	1261	1009
V064	936	13743	749	936	562	374	374
V065	831	1384	554	12298	4761	2769	2215
V066	19745	1178	707	471	471	471	236
V067	499	6090	399	499	300	200	200
V068	586	977	391	9551	3922	1954	1563
V069	311	518	207	3320	2569	1036	829
V070	12245	751	451	300	300	300	150
V071	172	287	115	2543	1082	574	459
V072	697	1161	465	10594	5186	2323	1858
V073	511	851	340	6664	4280	1702	1362
V074	14806	781	469	313	313	313	156
V075	769	1281	512	8040	5744	2562	2049
V076	566	944	377	6546	3121	1887	1510
V077	289	482	193	3370	2834	964	771
V078	15937	899	540	360	360	360	180
V079	18830	1076	646	431	431	431	215
V080	539	899	359	6526	3750	1797	1438
V081	782	10529	625	782	469	313	313
V082	4256	264	159	106	106	106	53
V083	1232	15249	986	1232	739	493	493
V084	680	9107	544	680	408	272	272
V085	455	758	303	6596	3741	1515	1212
V086	248	414	166	3684	1373	828	662
V087	310	516	207	3737	1986	1033	826
V088	20362	1145	687	458	458	458	229
V089	21212	1218	731	487	487	487	244
V090	6842	483	290	193	193	193	97
V091	542	8676	433	542	325	217	217
V092	393	656	262	6359	3137	1311	1049
V093	10062	638	383	255	255	255	128
V094	10378	604	363	242	242	242	121
V095	1245	17056	996	1245	747	498	498
V096	202	337	135	2279	1014	674	539
V097	379	6158	303	379	227	152	152
V098	717	1195	478	10152	7134	2389	1911
V099	208	346	139	2585	1865	693	554
V100	768	1280	512	11067	4097	2560	2048
V101	407	678	271	5798	3433	1356	1085
V102	788	1313	525	10254	4682	2627	2102
V103	20544	1258	755	503	503	503	252
V104	326	544	217	4821	2503	1087	870
V105	252	420	168	2919	1340	841	672
V106	560	934	374	6316	3363	1868	1494
V107	747	10161	597	747	448	299	299
V108	14914	943	566	377	377	377	189
V109	17595	1247	748	499	499	499	249
V110	14563	1003	602	401	401	401	201
V111	703	1172	469	9535	5059	2344	1875
V112	781	1301	521	9199	6021	2603	2082
V113	460	7498	368	460	276	184	184
V114	15397	850	510	340	340	340	170
V115	701	8494	561	701	420	280	280
V116	17944	973	584	389	389	389	195
V117	332	554	222	4781	3089	1108	887
V118	14996	834	500	333	333	333	167
V119	700	1166	466	9277	6444	2332	1865
V120	602	1003	401	7869	3803	2006	1605
V121	481	801	321	5883	4248	1603	1282
V122	518	863	345	8050	2955	1726	1381
V123	284	473	189	3563	2076	946	757
V124	837	14049	670	837	502	335	335
V125	20559	1091	655	437	437	437	218
V126	694	1157	463	10317	5820	2313	1851
V127	8752	552	331	221	221	221	110
V128	458	764	305	4589	4199	1527	1222
V129	398	663	265	4190	2618	1326	1061
V130	174	290	116	2115	1500	580	464
V131	4269	282	169	113	113	113	56
V132	5819	315	189	126	126	126	63
V133	705	1176	470	10013	5499	2352	1881
V134	5868	388	233	155	155	155	78
V135	19256	1082	649	433	433	433	216
V136	600	1000	400	8051	3483	2000	1600
V137	515	7154	412	515	309	206	206
V138	761	1269	507	9292	4038	2537	2030
V139	456	761	304	5930	2937	1521	1217
V140	8661	544	326	218	218	218	109
V141	389	648	259	4867	3149	1297	1037
V142	276	460	184	3672	1651	919	735
V143	1114	16226	891	1114	668	446	446
V144	509	7270	407	509	305	203	203
V145	574	956	382	8611	5302	1912	1529
V146	8897	493	296	197	197	197	99
V147	614	1024	409	9094	3553	2047	1638
V148	10369	593	356	237	237	237	119
V149	379	631	252	4436	2120	1262	1009
V150	453	755	302	5729	2310	1510	1208
V151	910	14318	728	910	546	364	364
V152	224	373	149	3394	1263	746	597
V153	874	14150	699	874	524	350	350
V154	17193	1212	727	485	485	485	242
V155	312	520	208	3676	2280	1040	832
V156	875	1459	584	9758	6735	2918	2334
V157	610	9317	488	610	366	244	244
V158	20650	1240	744	496	496	496	248
V159	635	1058	423	7387	5416	2115	1692
V160	429	715	286	6390	3693	1430	1144
V161	190	317	127	3098	1498	633	507
V162	10300	670	402	268	268	268	134
V163	450	751	300	6059	3419	1502	1201
V164	7383	484	291	194	194	194	97
V165	336	560	224	4173	2991	1120	896
V166	480	800	320	6202	2494	1601	1281
V167	11704	780	468	312	312	312	156
V168	597	995	398	6022	5904	1991	1593
V169	576	8456	461	576	345	230	230
V170	842	1403	561	10427	4433	2806	2245
V171	19832	1062	637	425	425	425	212
V172	681	1135	454	7655	4827	2269	1816
V173	732	9397	586	732	439	293	293
V174	404	674	270	5826	3602	1348	1078
V175	698	1164	465	10125	3552	2327	1862
V176	5291	349	210	140	140	140	70
V177	776	12034	621	776	465	310	310
V178	15956	1002	601	401	401	401	200
V179	685	11106	548	685	411	274	274
V180	830	1383	553	8430	5265	2767	2213
V181	9323	492	295	197	197	197	98
V182	12810	846	508	338	338	338	169
V183	5008	311	187	125	125	125	62
V184	455	6943	364	455	273	182	182
V185	261	435	174	4071	1561	870	696
V186	18155	1036	622	414	414	414	207
V187	7082	385	231	154	154	154	77
V188	4177	278	167	111	111	111	56
V189	629	1048	419	9808	3947	2097	1678
V190	399	665	266	4240	3167	1331	1065
V191	806	11597	644	806	483	322	322
V192	16581	926	556	370	370	370	185
V193	12066	732	439	293	293	293	146
V194	6347	386	232	154	154	154	77
V195	11869	741	444	296	296	296	148
V196	6282	424	255	170	170	170	85
V197	9121	595	357	238	238	238	119
V198	5133	337	202	135	135	135	67
V199	17129	1176	705	470	470	470	235
