sample_alias	Acidaminococcus	Actinobaculum	Actinomyces	Actinotignum	Aerococcus	Akkermansia	Alistipes	Alloscardovia	Anaerococcus	Anaeroglobus	Anaerostipes	Arthrobacter	Asaccharobacter	Atopobium	Bacteroides	Barnesiella	Bifidobacterium	Bilophila	Blautia	Brevibacterium	Campylobacter	Clostridium_IV	Clostridium_XVIII	Clostridium_XlVa	Clostridium_XlVb	Clostridium_sensu_stricto	Collinsella	Coprococcus	Corynebacterium	Dermabacter	Dialister	Dorea	Eggerthella	Eisenbergiella	Enhydrobacter	Enterococcus	Erysipelotrichaceae_incertae_sedis	Escherichia/Shigella	Eubacterium	Ezakiella	Facklamia	Faecalibacterium	Fannyhessea_vaginae	Fastidiosipila	Finegoldia	Flavonifractor	Fusicatenibacter	Fusobacterium	Gardnerella	Gardnerella_vaginalis	Gemella	Gemmiger	Granulicatella	Haemophilus	Helcococcus	Howardella	Intestinibacter	Intestinimonas	Jonquetella	Lachnospiracea_incertae_sedis	Lactobacillus	Lactobacillus_crispatus	Lactobacillus_gasseri	Lactobacillus_iners	Lactobacillus_jensenii	Limosilactobacillus_vaginalis	Megamonas	Megasphaera	Micrococcus	Mobiluncus	Moraxella	Murdochiella	Negativicoccus	Nosocomiicoccus	Oligella	Olsenella	Oscillibacter	Parabacteroides	Paracoccus	Paraprevotella	Parasutterella	Parvimonas	Peptococcus	Peptoniphilus	Peptostreptococcus	Phascolarctobacterium	Porphyromonas	Prauserella	Prevotella	Propionibacterium	Propionimicrobium	Rhizobium(0.01)	Romboutsia	Roseburia	Rothia	Ruminococcus	Ruminococcus2	Slackia	Sneathia	Staphylococcus	Streptococcus	Sutterella	Trueperella	Turicibacter	Unclassified	Ureaplasma	Varibaculum	Veillonella	Weeksella	"f_""Porphyromonadaceae"""	"f_""Prevotellaceae"""	f_Actinomycetaceae	f_Bifidobacteriaceae	f_Clostridiales_Incertae_Sedis_XI	f_Clostridiales_Incertae_Sedis_XIII	f_Coriobacteriaceae	f_Dermabacteraceae	f_Enterobacteriaceae	f_Erysipelotrichaceae	f_Lachnospiraceae	f_Lactobacillaceae	f_Microbacteriaceae	f_Neisseriaceae	f_Peptoniphilaceae	f_Peptostreptococcaceae	f_Ruminococcaceae	f_Staphylococcaceae	f_Veillonellaceae
10001_BSL1	0.0	0.0	0.0010071965820296635	0.0	0.0	0.0	1.6245106161768766e-05	0.0	0.0006498042464707507	0.0026804425166918468	0.0	0.0	0.0	0.0012508731744561952	0.00019494127394122522	0.0	0.00027616680475006904	0.0	0.00042237276020598796	0.0	0.008333739460987378	1.6245106161768766e-05	0.0	0.0	0.0	0.0001462059554559189	0.0	8.122553080884384e-05	0.0167487044527836	0.0	0.049596309111880045	3.249021232353753e-05	0.0	0.0	0.0	1.6245106161768766e-05	0.0	1.6245106161768766e-05	0.00011371574313238137	0.0	0.0	0.0004386178663677567	0.0	0.0	0.05047354484461556	0.0	3.249021232353753e-05	3.249021232353753e-05	0.0	0.0001462059554559189	0.0	0.00021118638010299398	0.0	0.0	0.0	0.000763519989603132	6.498042464707506e-05	0.0	1.6245106161768766e-05	0.00019494127394122522	0.02201211884919668	0.4173367772958396	0.00011371574313238137	0.006904170118751726	0.01671621424046006	0.0010559319005149699	0.0	0.03180791786474325	0.0	0.01200513345354712	0.0	1.6245106161768766e-05	0.0	0.0	0.0	0.0016407557223386455	0.0	0.0	0.0	0.0	0.0	0.0	0.0	0.04867033806065923	0.0	0.0	4.8735318485306304e-05	0.0	0.2516691846581217	0.00037363744172068164	1.6245106161768766e-05	1.6245106161768766e-05	1.6245106161768766e-05	0.00011371574313238137	0.0	8.122553080884384e-05	0.0	0.0007310297772795945	0.0	0.0031515505953831407	0.0021768442256770147	0.0	0.0	0.0	0.026447032831359553	0.0	0.002323050181132934	0.009974495183326023	0.0	0.0	0.0	0.0061893854476339	0.0	0.0	0.0	0.0	0.0	0.0	0.0	0.00025992169858830025	0.0	0.0	0.0	0.0	0.0	3.249021232353753e-05	0.0	0.004126256965089267
10003_BSL1	0.0	0.0	0.0002819522372910029	0.0001550737305100516	4.229283559365043e-05	0.0	0.0	0.0	0.0018890799898497194	0.0	0.0	0.0	0.0	0.0	0.0	0.0	7.048805932275073e-05	0.0	0.0	0.0	0.0007330758169566075	0.0	0.0	0.0	0.0	0.0	0.0	0.0	0.0018326895423915188	0.0	0.0007189782050920574	0.0	0.0	0.0	0.0	0.0	0.0	7.048805932275073e-05	0.0	0.0018608847661206191	0.0	0.0	0.0	9.868328305185102e-05	0.0028759128203682295	0.0	0.0	0.0	0.0	1.4097611864550145e-05	0.0	0.0	0.0	0.0	0.0	0.0	0.0	0.0	0.0	0.0	0.014985761412016805	0.8632672625257282	0.10291256661121606	0.0001550737305100516	0.0002114641779682522	0.0	0.0	1.4097611864550145e-05	0.0	2.819522372910029e-05	0.0	0.0	0.0	0.0	0.0	0.0	0.0	0.0	0.0	0.0	0.0	5.639044745820058e-05	0.0	0.0037217695322412383	0.0	0.0	0.0	0.0	0.002593960583077227	1.4097611864550145e-05	1.4097611864550145e-05	0.0	0.0	0.0	0.0	0.0	0.0	0.0	0.0	0.0006484901457693067	2.819522372910029e-05	0.0	0.0	0.0	0.0006625877576338569	0.0	2.819522372910029e-05	0.0	0.0	0.0	0.0	0.0	0.0	0.0	0.0	0.0	0.0	0.0	0.0	1.4097611864550145e-05	0.0	0.0	0.0	0.0	0.0	0.0	0.0	0.0
10007_BSL1	0.0	0.0	0.001641596033367952	0.0	0.0	0.0	0.0	0.0	0.0029146705082247312	6.700391972930416e-05	3.350195986465208e-05	0.0	0.0	0.0005360313578344333	0.0	0.0	0.5416931890515595	0.0	0.0	0.0	0.003283192066735904	0.0	0.0	0.0	0.0	3.350195986465208e-05	0.0	0.0	0.0019096117122851686	0.0	0.0030821803075479918	0.0	0.0	0.0	0.0	3.350195986465208e-05	0.0	3.350195986465208e-05	0.0	0.005125799859291768	0.00046902743810512917	0.0	0.0	6.700391972930416e-05	0.02753861100874401	0.0	0.0	0.0	0.00010050587959395625	0.013735803544507354	0.0	3.350195986465208e-05	0.0	0.0	0.0	0.013601795705048745	0.0	0.0	0.0	0.0	0.0009045529163456063	0.00023451371905256458	0.008643505645080237	0.0009380548762102583	0.0	0.0021776273912023853	0.0	0.0	0.0	6.700391972930416e-05	0.0	0.0	6.700391972930416e-05	0.0	0.0	0.0	0.0	0.0	0.0	0.0	0.0	0.0	0.0	0.015410901537739958	0.0005695333176990854	0.0	0.00026801567891721664	0.0	0.10931689503835974	3.350195986465208e-05	0.0003015176387818687	0.0	0.0	3.350195986465208e-05	0.0	0.0	3.350195986465208e-05	0.0	0.0	0.0003015176387818687	0.20409393949546048	0.0	0.0	0.0	0.008006968407651848	0.006566384133471808	0.0005360313578344333	0.025528493416864886	0.0	0.0	0.0	0.0	0.0	0.0	0.0	0.0	0.0	0.0	0.0	0.0	0.0	0.0	0.0	3.350195986465208e-05	0.0	0.0	0.0	0.0
10009_BSL1	0.0	0.0	9.749439407234084e-05	0.0	0.0	0.0	0.0	0.0	0.0021448766695914986	0.0	0.0	0.0	0.0	0.0	0.0	0.0	6.499626271489389e-05	0.0	0.00016249065678723473	0.0	0.0	0.0	0.0	0.0	0.0	0.0	0.0	0.0	0.00038997757628936335	0.0	9.749439407234084e-05	0.0	0.0	0.0	6.499626271489389e-05	3.2498131357446946e-05	0.0	0.0	0.0	0.0	0.0	0.0	0.0	0.0	0.0029898280848851193	0.0	0.0	0.0	0.005524682330765981	0.3104871469890481	0.0	0.0	0.0	0.0	0.0	0.0	0.0	0.0	0.0	0.0	0.040005199701017194	0.0035097981866042704	0.45588378668226576	9.749439407234084e-05	6.499626271489389e-05	0.15176627343927723	0.0	0.0	0.00012999252542978778	0.0	0.0	0.0	0.0	0.0	0.0	0.0	0.0	0.0	0.0	0.0	0.0	0.0	0.0	0.0004874719703617042	0.0	0.0	6.499626271489389e-05	0.0	0.00019498878814468168	0.0	0.0	0.0	0.0	0.0	0.0	0.0	0.0	0.0	0.0	0.0013974196483702186	0.00025998505085957557	0.0	0.0	0.0	0.023983620941795847	0.0	0.0	3.2498131357446946e-05	0.0	0.0	0.0	0.0	0.0	0.0	0.0	0.0	0.0	0.0	0.0	0.0	0.0	0.0	0.0	0.0	0.0	0.0	6.499626271489389e-05	0.0
10010_BSL1	0.0	0.00013673088875077688	0.0	0.0	0.011671845866998135	0.0	0.0	3.7290242386575516e-05	0.0002486016159105034	6.215040397762585e-05	0.0	0.0	0.0	0.0	0.0	0.0	0.0	0.0	0.0	0.0	4.972032318210068e-05	0.0	0.0	0.0	0.0	2.486016159105034e-05	0.0	0.0	0.00041019266625233063	0.0	3.7290242386575516e-05	0.0	0.0	0.0	0.0	0.0	0.0	0.0	0.0	3.7290242386575516e-05	2.486016159105034e-05	0.0	0.0	0.0	0.0007955251709136109	0.0	0.0	8.70105655686762e-05	0.02161591050341827	0.41562461155997515	0.0	0.0	0.0	0.0	0.0	1.243008079552517e-05	0.0	0.0	0.0	0.0	0.011037911746426352	0.0011311373523927905	8.70105655686762e-05	0.00041019266625233063	0.5099564947172157	1.243008079552517e-05	0.0	0.0	0.0	0.0	0.0	0.0	0.0	0.0	0.0	2.486016159105034e-05	0.0	0.0	0.0	0.0	0.0	0.0	0.0	0.0003853325046612803	2.486016159105034e-05	0.0	0.0	0.0	0.0006215040397762585	0.0	0.0	0.0	0.0	0.0	0.0	0.0	0.0	0.0	1.243008079552517e-05	6.215040397762585e-05	0.0013175885643256682	0.0	0.0	0.0	0.02239900559353636	0.0015910503418272218	1.243008079552517e-05	2.486016159105034e-05	0.0	0.0	0.0	0.0	0.0	0.0	0.0	0.0	0.0	0.0	0.0	0.0	0.0	0.0	0.0	1.243008079552517e-05	0.0	0.0	0.0	0.0
10011U_BSL1	0.0	0.0	0.0009107659541674548	0.0	0.0	0.0	0.0	0.0	0.0005394536805453387	0.0	0.0	0.0	0.0	0.0	0.00022418854256429658	0.0	0.0	0.0	0.0	0.0	7.005891955134268e-06	0.0	0.0	0.0	0.0	1.4011783910268536e-05	0.0	0.0	0.0011629780645522885	0.0	8.407070346161121e-05	0.0	0.0	0.0	0.0	0.0	0.0	4.203535173080561e-05	0.0	1.4011783910268536e-05	0.0	0.0	1.4011783910268536e-05	0.0	0.0015623139059949417	2.1017675865402804e-05	0.0	7.005891955134268e-06	0.0	2.8023567820537072e-05	0.0	0.0	0.0	7.706481150647695e-05	0.0	0.0	0.0	0.0	0.0	0.0	0.025865753098355718	0.0011139368208663487	0.0002452062184296994	0.9294856974715736	0.0	0.03592621394592853	0.0	0.0	0.0	2.1017675865402804e-05	0.0	1.4011783910268536e-05	2.8023567820537072e-05	0.0	0.0	0.0	0.0	0.0	0.0	0.0	0.0	0.0	0.0	0.0007005891955134268	2.8023567820537072e-05	0.0	0.00012610605519241681	0.0	0.0002802356782053707	1.4011783910268536e-05	0.0	4.9041243685939876e-05	0.0	0.0	0.0	0.0	0.0	0.0	0.0	0.0006165184920518156	3.502945977567134e-05	0.0	0.0	0.0	0.0005044242207696673	0.0	3.502945977567134e-05	0.0	0.0	0.0	0.0	0.0	0.0	0.0	7.005891955134268e-06	0.0	0.0	0.0	0.0	7.005891955134268e-06	0.0	0.0	2.8023567820537072e-05	0.0	0.0	0.0001541296230129539	7.005891955134268e-06	0.0
10012U_BSL1	0.00016513231226520248	0.0014655492713536722	0.0036741939479007554	0.00022705692936465343	0.0	0.0	0.0	8.256615613260124e-05	0.015336663501630682	0.003240721628204599	0.0	0.0006192461709945094	0.0	0.0007637369442265615	4.128307806630062e-05	0.0	0.00016513231226520248	0.0	8.256615613260124e-05	0.0020847954423481815	0.0036741939479007554	0.0	0.0	0.0	0.0	0.0	2.064153903315031e-05	0.0	0.08665318086116501	0.0003715477025967056	0.009226767947818189	0.0	0.0	0.0	0.0	0.00026834000743095407	0.0	0.0	0.0	0.0061511786318787925	0.0023324939107459853	8.256615613260124e-05	0.0	0.004499855509226768	0.02435701605911737	0.0	0.0	0.0011352846468232671	0.0	0.0	0.0	2.064153903315031e-05	4.128307806630062e-05	0.0	0.0018783800520166783	0.0001857738512983528	0.0	0.0	0.0	0.0	0.0035503447137018537	0.0032200800891714486	0.0003096230854972547	0.6364405730091236	0.0001857738512983528	0.0	0.0	0.0001857738512983528	0.0	0.0002889815464641044	0.0	0.003447137018536102	4.128307806630062e-05	0.0	0.0	8.256615613260124e-05	0.0	0.0	0.0	0.0	0.0	0.0	0.0001444907732320522	0.026070263798868842	4.128307806630062e-05	2.064153903315031e-05	0.006089254014779342	0.0	0.09651983651901086	4.128307806630062e-05	0.00022705692936465343	0.0	0.0	0.0	0.0	0.0	2.064153903315031e-05	2.064153903315031e-05	0.0	0.0023324939107459853	0.0132518680592825	0.00026834000743095407	0.002827890847541593	0.0	0.030157288527432605	0.0	0.003096230854972547	0.0014242661932873716	0.0	0.0	0.0003509061635635553	0.0	0.0	0.0	6.192461709945094e-05	0.0	2.064153903315031e-05	0.0	0.0	0.0	0.0	0.0	0.0	0.0	0.0	0.00020641539033150312	0.0	0.00020641539033150312
10013_BSL1	0.0	0.0	0.00010721889503270176	0.0003063397000934336	0.0	0.0	0.0	0.0	0.0013632116654157796	0.0	4.595095501401504e-05	0.0	0.0	3.063397000934336e-05	0.00010721889503270176	0.0	9.190191002803008e-05	0.0	0.00018380382005606016	1.531698500467168e-05	9.190191002803008e-05	0.0	1.531698500467168e-05	0.0	0.0	0.0	9.190191002803008e-05	7.65849250233584e-05	0.05851088271784582	0.0	6.126794001868672e-05	0.00013785286504204512	0.0	0.0	0.0	0.0004135585951261354	0.0	4.595095501401504e-05	3.063397000934336e-05	1.531698500467168e-05	0.0009190191002803009	0.0002910227150887619	0.0	0.00012253588003737344	0.001347894680411108	0.0	7.65849250233584e-05	0.0	0.0	7.65849250233584e-05	0.0	0.0	0.0	0.0	0.0313691852895676	0.0	1.531698500467168e-05	0.0	0.0	0.0002450717600747469	0.010890376338321565	0.8656240905540153	0.00018380382005606016	0.0007352152802242406	3.063397000934336e-05	0.01805872532050791	0.0	3.063397000934336e-05	0.0	0.0	0.0	0.0	4.595095501401504e-05	0.0	0.0	0.0	0.00010721889503270176	0.0	0.0	0.0	3.063397000934336e-05	0.0	0.0	0.0010875059353316894	0.0	0.0	3.063397000934336e-05	0.0	0.0015929664404858547	0.0	0.0	0.0	0.0	3.063397000934336e-05	0.0	1.531698500467168e-05	3.063397000934336e-05	0.0	0.0	0.0005054605051541655	7.65849250233584e-05	0.0	0.0	0.0	0.002695789360822216	0.0	1.531698500467168e-05	0.0016082834254905263	0.0	0.0	0.0	0.0	0.0	0.0	0.0	0.0	9.190191002803008e-05	1.531698500467168e-05	0.0	0.0002450717600747469	0.0	0.0	0.0	0.0	0.0	0.0	0.0	1.531698500467168e-05
10014U_BSL1	0.0	0.0	0.0	0.0	0.0	0.0	0.0	0.0	0.0	0.0	0.0	0.0	0.0	0.0	0.0	0.0	0.0	0.0	0.0	0.0	0.0	0.0	0.0	0.0	0.0	0.0	0.0	0.0	0.0001491958344523021	0.0	0.0	0.0	0.0	0.0	0.0	0.0	0.0	0.0	0.0	0.0	0.0	0.0	0.0	0.0	0.0	0.0	0.0	0.0	0.0	0.0	0.0	0.0	0.0	0.0	0.0	0.0	0.0	0.0	0.0	0.0	0.045534568674842596	0.902008175931728	0.0001790350013427625	0.0458329603437472	0.0001491958344523021	0.0	0.0	0.0	0.0	0.0	0.0	0.0	0.0	0.0	0.0	0.0	0.0	0.0	0.0	0.0	0.0	0.0	0.0	0.0	0.0	0.0	0.0	8.951750067138126e-05	2.983916689046042e-05	0.0	0.0	0.0	0.0	0.0	0.0	0.0	0.0	0.0	0.0	2.983916689046042e-05	2.983916689046042e-05	0.0	0.0	0.0	0.0	0.005967833378092083	0.0	0.0	0.0	0.0	0.0	0.0	0.0	0.0	0.0	0.0	0.0	0.0	0.0	0.0	0.0	0.0	0.0	0.0	0.0	0.0	0.0	0.0
10015_BSL1	0.0	0.0	0.0025917292865409378	3.260036838416274e-05	0.47506886827821154	0.0	0.0	0.0	0.0019234217346656018	0.0	3.260036838416274e-05	0.0	0.0	0.0	0.0004564051573782784	0.0	0.0	0.0	0.0003260036838416274	0.0	3.260036838416274e-05	0.0	0.0	1.630018419208137e-05	0.0	0.0	0.0	3.260036838416274e-05	0.0046292523105511095	0.0	0.00014670165772873232	0.0	0.0	0.0	0.0	6.520073676832548e-05	0.0	0.0	0.0	0.0	0.0	0.00013040147353665096	0.0	0.0	0.004678152863127353	0.0	0.0	0.0	0.0	0.0	0.0	0.0	0.0	1.630018419208137e-05	0.0	0.0049063554418164925	0.0	0.0	0.0	3.260036838416274e-05	0.36763435426820323	1.630018419208137e-05	1.630018419208137e-05	3.260036838416274e-05	0.0	0.0	0.0	1.630018419208137e-05	0.0	0.0	0.0	0.0	3.260036838416274e-05	0.0	0.0	0.0	1.630018419208137e-05	6.520073676832548e-05	0.0	0.0	0.0	0.0	0.0	0.0027384309442696703	1.630018419208137e-05	0.0	3.260036838416274e-05	3.260036838416274e-05	0.0015974180508239743	0.0	0.0	0.0	0.0	0.00021190239449705783	0.0	0.0	6.520073676832548e-05	0.0	0.0	0.001059511972485289	0.10440267975028118	0.0	0.0	0.0	0.025526088444799425	0.0	0.0	0.0005216058941466038	0.0	0.0	0.0	0.0	0.0	0.0	0.0	0.0	0.0	0.000749808472835743	0.0	6.520073676832548e-05	0.0	0.0	0.0	0.0	0.0	3.260036838416274e-05	0.0	0.0
10017_BSL1	0.0	0.0	8.208832703989493e-05	0.0	0.0	0.0	0.0	0.00015049526623980736	0.007839435232309965	0.0	0.0	0.0	0.0	0.02150714168445247	0.0	0.0	0.01298363706014338	0.0	0.0	0.0	0.00016417665407978985	1.3681387839982488e-05	0.0	0.0	0.0	0.0	0.0	0.0	5.472555135992995e-05	0.0	0.006211350079352049	0.0	0.0	0.0	0.0	0.0	0.0	0.0	0.0	0.0006293438406391944	8.208832703989493e-05	1.3681387839982488e-05	0.47043452087779786	0.0	0.004473813823674274	0.0	0.0	0.0	0.0	0.0	0.0002325835932797023	0.0	0.0	0.0	0.0	0.0007524763311990368	0.0	0.0	0.0	0.0	0.04358890165818421	5.472555135992995e-05	0.3772916324631971	5.472555135992995e-05	0.0	0.0	0.0	0.0	2.7362775679964975e-05	0.0004514857987194221	0.0	1.3681387839982488e-05	0.0	0.0	0.0	0.0	0.0	0.0	0.0	0.0	0.0	0.0	0.0	0.003967602473594922	0.0	0.0	0.0013270946204783014	2.7362775679964975e-05	0.006690198653751436	0.0	2.7362775679964975e-05	0.0	0.0	0.0	1.3681387839982488e-05	0.0	0.0	9.576971487987742e-05	0.0009166529852788266	0.0001231324905598424	0.011300826355825536	0.0	0.0	0.0	0.02782794286652438	0.0	0.000560936901439282	0.0	0.0	0.0	0.0	0.0	0.0	0.0	0.0	0.0	0.0	0.0	0.0	0.0	0.0	0.0	0.0	0.0	0.0	0.0	1.3681387839982488e-05	0.0
20001_BSL1	0.0	0.0	0.0	0.0	0.0	0.0	0.0	0.0	0.0	0.0	0.0	0.0	0.0	0.0008457921838851712	0.0	0.0	2.4876240702505037e-05	0.0	0.0	0.0	0.0	0.0	0.0	0.0	0.0	0.0	0.0	0.0	7.462872210751512e-05	0.0	2.4876240702505037e-05	0.0	0.0	0.0	0.0	0.0	0.0	0.0	0.0	0.0	0.0	0.0	0.004204084678723351	0.0	7.462872210751512e-05	0.0	0.0	0.0	0.0	0.0	0.0	0.0	0.0	0.0	0.0	0.0	0.0	0.0	0.0	0.0	0.0010945545909102215	0.0016915843677703425	0.00014925744421503024	0.9910694295878006	0.00037314361053757556	0.0	0.0	0.0	0.0	0.0	0.0	0.0	0.0	0.0	0.0	0.0	0.0	0.0	0.0	0.0	0.0	0.0	0.0	4.9752481405010074e-05	0.0	0.0	0.0	0.0	7.462872210751512e-05	2.4876240702505037e-05	0.0	0.0	0.0	0.0	0.0	0.0	0.0	0.0	0.0	7.462872210751512e-05	0.0	0.0	0.0	0.0	0.00012438120351252518	0.0	0.0	0.0	0.0	0.0	0.0	0.0	0.0	0.0	0.0	0.0	0.0	0.0	0.0	2.4876240702505037e-05	0.0	0.0	0.0	0.0	0.0	0.0	0.0	0.0
20002_BSL1	0.0	0.0	1.4882945632599603e-05	0.0	0.0	0.0	0.0	0.0	0.0006994984447321814	0.0	0.0	0.0	0.0	0.0	0.0	0.0	0.0	0.0	0.0	0.0	1.4882945632599603e-05	0.0	0.0	0.0	0.0	7.441472816299802e-05	0.0	0.0	0.0023515054099507372	0.0	8.929767379559763e-05	0.0	0.0	0.0	0.0	0.0	0.0	0.0	0.0	0.00017859534759119525	0.0	1.4882945632599603e-05	0.0	0.0	0.00017859534759119525	0.0	0.0	0.0	0.028798499799080234	0.4398654581714813	0.0	0.0	0.0	0.0	0.0	1.4882945632599603e-05	0.0	0.0	0.0	0.0	0.035585123007545655	0.0012501674331383667	0.025702847107499517	0.0012204015418731675	0.4210980637287732	0.012084951853670879	0.0	0.0	1.4882945632599603e-05	2.9765891265199207e-05	0.0	0.0	0.0	0.0	0.0	1.4882945632599603e-05	0.0	0.0	0.0	0.0	0.0	0.0	0.0	0.0004018395320801893	0.0	0.0	0.0	0.0	0.0005209030971409862	0.0	1.4882945632599603e-05	0.0	0.0	0.0	0.0	0.0	0.0	0.0	0.0	0.00013394651069339645	0.0	0.0	0.0	0.0	0.029572412971975413	0.0	1.4882945632599603e-05	0.0	0.0	0.0	0.0	0.0	0.0	0.0	0.0	0.0	0.0	0.0	0.0	2.9765891265199207e-05	0.0	0.0	0.0	0.0	1.4882945632599603e-05	0.0	0.0	0.0
20003_BSL1	0.0	0.0	0.0043223259951078495	0.0	0.0	2.779630865021125e-05	9.728708027573938e-05	0.0005976206359795419	0.004350122303758061	0.0	6.949077162552814e-05	0.0	0.0	0.0	0.0010145652657327106	5.55926173004225e-05	4.1694462975316875e-05	1.3898154325105625e-05	0.0007643984878808094	5.55926173004225e-05	0.0	0.0	0.0	0.0001528796975761619	0.0	1.3898154325105625e-05	0.0002501667778519013	0.0	0.013731376473204358	1.3898154325105625e-05	1.3898154325105625e-05	0.0	4.1694462975316875e-05	0.0	0.0	0.0	0.0	0.0003474538581276406	0.0	0.0	6.949077162552814e-05	1.3898154325105625e-05	0.0	1.3898154325105625e-05	0.0025711585501445406	5.55926173004225e-05	0.0	1.3898154325105625e-05	1.3898154325105625e-05	4.1694462975316875e-05	0.0	2.779630865021125e-05	0.0	0.008783633533466756	0.0	0.004044362908605737	5.55926173004225e-05	0.0	0.0	0.0003196575494774294	0.1556454302868579	0.0022237046920169003	0.0002501667778519013	0.5499916611074049	0.1864854347342673	0.0	0.0	9.728708027573938e-05	0.0	0.0	0.0	0.0	0.0	0.0	0.0	0.0	2.779630865021125e-05	6.949077162552814e-05	0.0	0.0	0.0	0.00029186124082721817	0.0	0.0008338892595063375	0.00498943740271292	0.00020847231487658438	1.3898154325105625e-05	0.0	0.0439737602846342	2.779630865021125e-05	0.0	0.0	0.0	0.00013898154325105627	0.0	0.0005559261730042251	0.00012508338892595064	0.0	0.0	0.0003057593951523238	0.0007643984878808094	0.0	0.0	0.0	0.0007921947965310207	0.0	1.3898154325105625e-05	0.008728040916166333	0.0	0.0	0.0	0.0	0.0	0.0	0.0	2.779630865021125e-05	0.0005559261730042251	0.0	0.0	0.0006254169446297532	0.0	0.0	0.0	0.0	0.0	0.00023626862352679563	0.0	0.0
20005_BSL1	0.0	0.0	0.029675360263064575	0.00024178729165995035	0.0	0.0	0.0	0.025822882749282697	0.0031915922499113447	0.0	0.0	0.00030626390276927045	0.0	0.0	3.223830555466005e-05	0.0	0.12524581707985427	0.0	6.44766111093201e-05	0.0001289532222186402	4.835745833199007e-05	0.0	0.0	0.0	0.0	0.0	0.0	0.0	0.02912730906863535	1.6119152777330025e-05	0.0008059576388665012	0.0	0.0	0.0	0.0	0.0014990812082916923	0.0	1.6119152777330025e-05	0.0	9.671491666398014e-05	0.0	0.0	0.0	0.0	0.12218317805216158	0.0	0.0	0.0002579064444372804	0.0	4.835745833199007e-05	3.223830555466005e-05	0.0	1.6119152777330025e-05	0.0002095489861052903	0.0	0.028901640929752732	0.0	0.0	0.0	3.223830555466005e-05	0.017054063638415166	0.0050130565137496376	0.48936135916696216	0.0004996937360972308	9.671491666398014e-05	1.6119152777330025e-05	0.0	0.00011283406944131016	0.0	6.44766111093201e-05	0.0	8.059576388665011e-05	0.001982655791611593	0.0	0.0	1.6119152777330025e-05	0.0	0.0	0.0	0.0	0.0	1.6119152777330025e-05	1.6119152777330025e-05	0.031222798929688256	0.0	1.6119152777330025e-05	0.00016119152777330022	0.0	0.010138947096940585	0.0	1.6119152777330025e-05	0.0	0.0	0.0	3.223830555466005e-05	6.44766111093201e-05	0.0	0.0	0.0	0.0008704342499758213	0.008285244527547633	0.0	0.0	0.0	0.01378187562461717	0.0	0.00024178729165995035	0.050049969373609726	0.0	0.0	0.0002901447499919404	0.0	0.002079370708275573	0.00016119152777330022	1.6119152777330025e-05	0.0	0.0	0.0	0.0	1.6119152777330025e-05	0.0	0.0	0.0	0.0	0.0	8.059576388665011e-05	0.00011283406944131016	3.223830555466005e-05
20006_BSL1	0.0	0.0	0.02434859600303567	0.0	0.0	6.324310650139134e-05	0.0	0.0	0.04959313601484105	4.2162071000927563e-05	0.0	0.0	0.0	0.0	3.162155325069567e-05	0.0	0.0	0.0	1.0540517750231891e-05	0.0	0.0	0.0	0.0	0.0	0.0	0.06390715911965596	0.0	0.0	0.028954802259887006	2.1081035500463782e-05	6.324310650139134e-05	0.0	2.1081035500463782e-05	0.0	0.0	0.0	0.0	3.162155325069567e-05	0.0	0.0	0.0	1.0540517750231891e-05	0.0	0.0	0.02068049582595497	1.0540517750231891e-05	0.0	1.0540517750231891e-05	0.0	2.1081035500463782e-05	0.0	0.0	0.0	0.0	0.0	0.0	0.0	0.0	0.0	0.0	0.015336453326587401	0.7215195210388734	0.00029513449700649294	0.00045324226325997135	0.00015810776625347836	0.04511341597099249	0.0	3.162155325069567e-05	0.0	9.486465975208702e-05	0.0	0.0	3.162155325069567e-05	0.0	0.0	0.0	3.162155325069567e-05	3.162155325069567e-05	0.00014756724850324647	0.0	0.0	0.0	0.0	0.0008327009022683194	1.0540517750231891e-05	0.0	0.0	0.0	0.0012121595412766676	4.2162071000927563e-05	0.0	0.0	0.0	1.0540517750231891e-05	0.0	0.0	0.0	0.0	0.0	0.016242937853107344	5.2702588751159456e-05	0.0	0.0	1.0540517750231891e-05	0.005333501981617337	0.0	1.0540517750231891e-05	0.0003689181212581162	0.0	0.0	0.0	0.0	0.0	0.0	0.0	0.0	0.0	0.0	0.0	0.0	0.004806476094105743	0.0	0.0	0.0	0.0	0.0	0.0	0.0
20008_BSL1	2.904443799012489e-05	0.0	0.0033981992448446122	0.0010165553296543712	0.00017426662794074935	0.0	0.0	0.027737438280569272	0.10177171071739761	0.0006680220737728725	0.0	0.003252977054893988	0.0	0.0018007551553877433	0.0	0.0	0.0	0.0	2.904443799012489e-05	0.00046471100784199824	0.017717107173976183	0.0	0.0	0.0	0.0	5.808887598024978e-05	0.0	0.0	0.04429276793494046	0.0	0.05503920999128667	0.0	0.0	0.0	0.0	0.0	0.0	0.0	0.0	0.0018297995933778681	0.002875399361022364	2.904443799012489e-05	0.011675864072030206	0.002091199535288992	0.03366250363055475	0.0	0.0	0.009700842288701713	8.713331397037468e-05	0.0019169329073482429	0.000784199825733372	0.0	0.0	0.0	0.0030787104269532385	0.002497821667150741	0.0	0.0	0.0017717107173976184	0.0	0.00813244263723497	0.03711879175137961	0.01847226256171943	0.0813244263723497	0.00011617775196049956	2.904443799012489e-05	0.0	0.0	2.904443799012489e-05	0.014144641301190822	0.0	0.00014522218995062446	0.0	0.00011617775196049956	0.011065930874237583	0.002091199535288992	2.904443799012489e-05	0.0	0.0	0.0	0.0	2.904443799012489e-05	0.000522799883822248	0.06636654080743537	0.00017426662794074935	0.0	0.001887888469358118	0.0	0.3453674121405751	0.0	0.0003194888178913738	0.0	0.0	0.0	0.0	0.0	0.0	0.0	0.00046471100784199824	0.00020331106593087425	0.000784199825733372	0.0	0.000784199825733372	0.0	0.030264304385710136	0.00020331106593087425	0.0051989544002323555	0.038367702584954984	0.002933488237002614	0.00014522218995062446	0.0	0.0	5.808887598024978e-05	0.0014522218995062445	0.0	0.0	2.904443799012489e-05	0.0	0.0	2.904443799012489e-05	2.904443799012489e-05	0.0019459773453383677	0.0	5.808887598024978e-05	0.0	5.808887598024978e-05	0.0	5.808887598024978e-05
20009_BSL1	0.0	0.0	7.021485746383936e-05	0.0	0.0	0.0	0.0	0.0	0.00010532228619575902	0.0	0.0	0.0	0.0	1.1702476243973225e-05	0.0	0.0	2.340495248794645e-05	0.0	0.0	0.0	0.0	0.0	0.0	0.0	0.0	0.0	0.0	0.0	0.00012872723868370548	0.0	3.510742873191968e-05	0.0	0.0	0.0	0.0	0.0	0.0	0.0	0.0	3.510742873191968e-05	0.0	0.0	0.0	0.0	8.191733370781257e-05	0.0	0.0	0.0	5.8512381219866125e-05	0.00035107428731919675	0.0	0.0	0.0	3.510742873191968e-05	0.0	0.0	0.0	0.0	0.0	0.0	0.00035107428731919675	0.9977297196086692	0.00017553714365959837	4.68099049758929e-05	8.191733370781257e-05	3.510742873191968e-05	0.0	0.0	1.1702476243973225e-05	1.1702476243973225e-05	0.0	0.0	0.0	0.0	0.0	0.0	0.0	0.0	0.0	0.0	0.0	0.0	0.0	5.8512381219866125e-05	2.340495248794645e-05	0.0	0.0	0.0	0.0001404297149276787	1.1702476243973225e-05	0.0	0.0	0.0	0.0	0.0	0.0	0.0	0.0	0.0	0.00012872723868370548	7.021485746383936e-05	0.0	0.0	0.0	0.0001404297149276787	0.0	0.0	3.510742873191968e-05	0.0	1.1702476243973225e-05	0.0	0.0	0.0	0.0	0.0	0.0	0.0	0.0	0.0	0.0	0.0	0.0	0.0	0.0	0.0	0.0	0.0	0.0
20010U_BSL1	0.0	0.0	0.0016425598418039454	0.0	0.0	0.0	0.0	0.0	0.0012757746344108313	0.0	0.0	0.0	0.0	0.0	0.0	0.0	0.0001754190122314893	0.0	0.0	0.0	3.1894365860270786e-05	0.0	0.0	0.0	0.0	0.0	0.0	0.0	0.0023123415248696316	0.0	0.0003986795732533848	0.0	0.0	0.0	0.0	1.5947182930135393e-05	0.0	7.973591465067696e-05	0.0	0.0	0.0	0.0	0.0	0.0	0.0058526161353596885	0.0	0.0	0.0	0.0	7.973591465067696e-05	0.0	0.0	0.0	0.0	0.0	0.0001754190122314893	0.0	0.0	0.0	0.0	0.016329915320458643	0.00022326056102189547	1.5947182930135393e-05	0.9035673848214713	0.00011163028051094774	0.0	0.0	0.0	4.7841548790406176e-05	0.0	0.0	0.0	0.0	0.0	0.0	0.0	0.0	0.0	0.0	0.0	0.0	0.0	0.0	0.00036678520739311403	0.0	0.0	0.0	0.0	0.0023442358907299027	0.00011163028051094774	0.0	0.0	0.0	0.0	0.0	0.0	0.0	0.0	0.0	0.0017860844881751638	0.0004624683049739264	0.0	0.0	0.0	0.007527070343023905	0.04586409810706939	4.7841548790406176e-05	0.0012119859026902898	0.0	0.0	0.0	0.0	0.0	0.0	0.0	0.0	0.0	0.0	0.0	0.0	0.0	0.0	0.00792574991627729	0.0	0.0	0.0	0.0	1.5947182930135393e-05
20011_BSL1	0.0	0.0	0.0006120239160114872	0.0011298903064827456	0.0	0.0	0.0	0.0	0.00037663010216091523	0.0	0.0	0.0	0.0	0.0	0.0	0.0	0.0	0.0	0.0	0.0	9.415752554022881e-05	0.0	0.0	0.0	0.0	0.0	0.0	0.0	0.00411939174238501	0.0	0.0021891624688103197	0.0	0.0	0.0	0.0003060119580057436	2.3539381385057202e-05	0.0	0.0	0.0	0.0	7.06181441551716e-05	0.0	0.0	0.0	0.004284167412080411	0.0	0.0	2.3539381385057202e-05	0.0	0.0	2.3539381385057202e-05	0.0	0.0	2.3539381385057202e-05	0.0	0.0015535991714137752	0.0	0.0	0.0	0.0	0.016006779341838896	0.9115860835177252	0.0	0.0	2.3539381385057202e-05	0.018195941810649215	0.0	0.0	0.0	7.06181441551716e-05	0.0	0.0	0.0	0.0	0.0	0.0	0.0	0.0	0.000117696906925286	0.0	0.0	0.0	0.0	0.0021656230874252625	0.000353090720775858	0.0	2.3539381385057202e-05	2.3539381385057202e-05	0.03053057765641919	0.0	0.0	2.3539381385057202e-05	0.0	0.0	0.0	0.0	0.0	0.0	0.0	0.0001647756696954004	0.005155124523327527	4.7078762770114404e-05	0.0	0.0	0.0006826420601666588	0.0	0.0	0.0	0.0	0.0	0.0	0.0	0.0	0.0	0.0	0.0	0.0	0.0	0.0	0.0	0.0	0.0	0.0	0.0	0.0	0.0	0.0	0.0
20012U_BSL1	0.0	0.0	0.0003746890081232577	0.0	0.0	0.0	8.992536194958184e-05	0.0	0.0009891789814454003	0.0	0.0003147387668235365	0.0	0.0	1.4987560324930308e-05	0.0037468900812325768	0.0	0.0015287311531428914	0.00016486316357423338	0.002532897694913222	0.0	0.00013488804292437277	1.4987560324930308e-05	0.0	8.992536194958184e-05	7.493780162465154e-05	0.0	0.00026977608584874554	0.0	0.0004046641287731183	0.0	0.00032972632714846676	0.00044962680974790925	0.0	0.0	0.0	0.0	5.995024129972123e-05	1.4987560324930308e-05	0.00011990048259944246	0.00011990048259944246	0.0	0.002323071850364198	2.9975120649860616e-05	2.9975120649860616e-05	0.0020682833248403826	2.9975120649860616e-05	0.0007643655765714457	0.0	0.0	5.995024129972123e-05	0.0	0.0006144899733221426	0.0	0.0	0.0	0.0	0.0003746890081232577	0.0	0.0	0.0005695272923473517	0.002398009651988849	0.9620365096969515	1.4987560324930308e-05	1.4987560324930308e-05	0.0	0.00583016096639789	0.0	4.496268097479092e-05	0.0	0.0	0.0	0.00016486316357423338	0.0	0.0	0.0	0.0	0.00013488804292437277	0.0003746890081232577	0.0	0.0007493780162465154	0.00017985072389916368	2.9975120649860616e-05	4.496268097479092e-05	0.0010191541020952608	1.4987560324930308e-05	7.493780162465154e-05	0.00017985072389916368	0.00020982584454902432	0.0006444650939720032	5.995024129972123e-05	0.0	0.0	0.0	0.0007793531368963761	0.0	0.0018884326009412189	0.0003447138874733971	1.4987560324930308e-05	0.0	4.496268097479092e-05	5.995024129972123e-05	0.0	0.0	0.0	0.0008243158178711669	0.0	8.992536194958184e-05	0.0	0.0	0.0	0.0	0.0	0.0	4.496268097479092e-05	0.0	0.0	0.0	0.0	0.0	0.002832648901411828	0.0	0.0	0.0	0.0	1.4987560324930308e-05	0.00013488804292437277	0.0	0.0
20013_BSL1	0.0	0.0	0.0010458523696812902	0.0	0.005284306709968625	0.0	0.0	0.0	0.0	0.0	0.0	0.0	0.0	0.00011008972312434634	0.0	0.0	0.0009908075081191171	0.0	0.0	0.0	0.0	0.0	0.0	0.0	0.0	0.0	0.0	0.0	0.0	0.0	0.02251334837892883	0.0	0.0	0.0	0.0	0.0	0.0	0.0	0.0	0.0	0.0	0.0	0.00033026916937303904	0.0	0.0	0.0	0.0	0.0	0.005064127263719932	0.0467881323278472	0.0014862112621786756	0.0	0.0	0.0	0.0	0.00016513458468651952	0.0	0.0	0.0	0.0	0.1555567787747014	0.5266141905653108	0.0017063907084273683	0.16183189299278913	0.035558980569163866	0.01458688831397589	0.0	0.0	0.0	5.504486156217317e-05	0.0	0.0	0.0	0.0	0.0	0.0	0.0	0.0	0.0	0.0	0.0	0.0	0.0	0.0	0.0	0.0	0.0	0.0	0.008091594649639456	0.0	0.0	0.0	0.0	0.0	0.0	0.0	0.0	0.0	0.0	0.0	0.0	0.0	0.0	0.0	0.011394286343369846	0.0008256729234325976	0.0	0.0	0.0	0.0	0.0	0.0	0.0	0.0	0.0	0.0	0.0	0.0	0.0	0.0	0.0	0.0	0.0	0.0	0.0	0.0	0.0	0.0
20014_BSL1	0.0	0.0	0.0003393601176448408	1.8853339869157822e-05	0.000527893516336419	0.0	0.0	0.00032050677777568297	0.004034614731999774	0.0	0.0	0.0	0.0	0.0	0.0	0.0	0.5529118983427914	0.0	0.0	0.0	7.541335947663129e-05	0.0	0.0	0.0	0.0	0.0	0.0	0.0	0.0006975735751588393	0.0	5.656001960747346e-05	0.0	0.0	0.0	0.0	0.00015082671895326257	0.0	0.0	0.0	3.7706679738315644e-05	0.0006410135555513659	0.0	0.0	0.0	0.002394374163383043	0.0	0.0	0.0	0.0	0.0	0.0	0.0	0.0	0.0	0.0	0.00013197337908410476	0.0	0.0	0.0	0.0	0.060123300842744296	3.7706679738315644e-05	0.26941422673026527	0.0	0.0	0.036122999189306386	0.0	0.0	0.0	0.0	0.0	0.0	3.7706679738315644e-05	0.0	0.0	0.0	0.0	0.0	0.0	0.0	0.0	0.0	0.0	0.0029788276993269356	0.0	0.0	3.7706679738315644e-05	0.0	0.0010934937124111536	1.8853339869157822e-05	1.8853339869157822e-05	0.0	0.0	0.0	0.0	0.0	0.0	0.0	0.0	0.001564827209140099	0.02639467581682095	0.0	0.0	0.0	0.039233800267717424	0.0	1.8853339869157822e-05	0.0002450934182990517	0.0	0.0	0.0	0.0	5.656001960747346e-05	0.0	0.0	0.0	0.0	0.0	0.0	0.0	0.0	0.0	0.0	1.8853339869157822e-05	0.0	0.0	0.0002450934182990517	0.0
30001_BSL1	0.0006442763321971902	0.0	6.234932247069581e-05	2.078310749023194e-05	0.0	0.0	7.274087621581179e-05	0.0	0.004208579266771968	0.0	8.313242996092776e-05	0.0	0.0	1.039155374511597e-05	0.0012781611106492644	7.274087621581179e-05	0.0006442763321971902	2.078310749023194e-05	0.0011326793582176406	0.0	7.274087621581179e-05	4.156621498046388e-05	2.078310749023194e-05	0.0	0.0	0.017312328539363205	0.0016002992767478593	0.00029096350486324717	0.0024627982375924847	1.039155374511597e-05	5.1957768725579846e-05	0.0005923185634716103	0.0	0.0	0.0	0.0	0.0	0.0	0.00024939728988278325	6.234932247069581e-05	0.00010391553745115969	0.0023069249314157454	0.0	0.0	0.0009248482833153213	0.0	0.0003221381660985951	0.0	4.156621498046388e-05	5.1957768725579846e-05	0.0	0.0009664144982957851	1.039155374511597e-05	5.1957768725579846e-05	0.0	2.078310749023194e-05	0.0	0.0	0.0	0.0004364452572948707	0.10127608279990025	0.0014963837392966996	1.039155374511597e-05	0.6332405021198769	0.18396167594978802	5.1957768725579846e-05	0.0032005985534957187	0.0003013550586083631	0.0	3.1174661235347906e-05	0.0	0.0	0.0	0.0	0.0	0.0	0.00012469864494139162	0.0005507523484911464	0.0	0.00022861418239255134	0.0	0.0	0.0	0.0011430709119627568	2.078310749023194e-05	0.0003013550586083631	0.00012469864494139162	0.0	0.023609610108903483	0.0	0.0	2.078310749023194e-05	0.00010391553745115969	0.0007274087621581179	5.1957768725579846e-05	0.0001350901986865076	0.0005923185634716103	0.0	0.0	0.0024835813450827166	0.00021822262864743536	0.00020783107490231938	0.0	2.078310749023194e-05	0.005268517748773797	0.0	6.234932247069581e-05	5.1957768725579846e-05	0.0	0.0	0.0	0.0	0.0	0.0	0.0	0.00010391553745115969	0.0	0.0	0.0	0.0038240917782026767	0.0	0.0	0.0	0.0	0.0	0.00019743952115720343	0.0	0.0
30002_BSL1	0.0	0.0	7.866317552001977e-05	0.0	0.0	0.0	0.0	0.0	0.0012810860013260364	0.0	0.0	0.0	0.0	1.1237596502859969e-05	0.0	0.0	0.0	0.0	0.0	3.37127895085799e-05	5.618798251429984e-05	0.0	0.0	0.0	0.0	0.08242777034847787	0.0	0.0	0.0026970231606863924	1.1237596502859969e-05	0.00012361356153145966	0.0	0.0	0.0	0.0	0.0	0.0	0.0	0.0	7.866317552001977e-05	0.00011237596502859968	0.0	0.0	3.37127895085799e-05	0.0019103914054861945	0.0	0.0	3.37127895085799e-05	0.0	3.37127895085799e-05	0.0001798015440457595	0.0	0.0001348511580343196	0.0002697023160686392	0.0	0.0	0.0	0.0	0.0	1.1237596502859969e-05	0.015620259138975356	0.8584399968534729	0.0025621720026520727	0.0007753941586973378	0.0001348511580343196	1.1237596502859969e-05	0.0	0.0	4.4950386011439875e-05	1.1237596502859969e-05	0.0	1.1237596502859969e-05	0.0	4.4950386011439875e-05	0.0	0.0	0.0	0.0	0.0	0.0	0.0	0.0	1.1237596502859969e-05	0.0008315821412116376	0.0	0.0	3.37127895085799e-05	0.0	0.0014721251418746558	2.2475193005719938e-05	0.0	0.0	0.0	0.0	2.2475193005719938e-05	0.0	1.1237596502859969e-05	0.0	0.0	0.0015845011069032554	0.0007641565621944778	0.0	0.0	0.0	0.007540427253419039	0.0	7.866317552001977e-05	0.0003258902985829391	0.0	0.0	0.0	0.0	0.0	1.1237596502859969e-05	0.0	0.0	2.2475193005719938e-05	2.2475193005719938e-05	0.0	0.0	0.019991684178587883	0.0	0.0	4.4950386011439875e-05	0.0	3.37127895085799e-05	0.0	0.0
30003_BSL1	0.0	0.0	0.00022950186017297192	0.0	0.0	0.000869691259602841	0.0065106054017490455	2.415809054452336e-05	0.000978402667053196	4.831618108904672e-05	0.0035029231289558874	0.0001207904527226168	0.0002415809054452336	0.0	0.05909068947190414	0.005109436150166691	0.0065347634922935695	0.002258781465912934	0.04433009614920037	2.415809054452336e-05	0.0002536599507174953	0.009373339131275063	0.0005435570372517756	0.0003623713581678504	0.0	0.00045900372034594385	0.009651157172537082	0.00301976131806542	0.007935932743875924	1.207904527226168e-05	0.00022950186017297192	0.005556360825240373	1.207904527226168e-05	0.00032613422235106535	0.0	0.0001811856790839252	1.207904527226168e-05	0.0	0.0011354302555925979	0.00033821326762332706	0.0004469246750736822	0.053727593371019955	0.0	8.455331690583176e-05	0.0006764265352466541	0.0007851379426970092	0.013093685075131662	0.0	0.0	1.207904527226168e-05	0.0070420833937285595	0.030137217954292892	8.455331690583176e-05	0.0012803787988597381	0.0001328694979948785	0.0	0.002452046190269121	8.455331690583176e-05	0.0	0.0036357926269507657	0.011269749239020148	0.26416872010436293	0.0	0.0011837464366816447	0.13607044499202783	0.0016669082475721118	0.007790984200608784	0.0	3.623713581678504e-05	1.207904527226168e-05	0.0	2.415809054452336e-05	0.0	0.0	0.0	0.0	0.002609073778808523	0.0092042324974634	0.0	0.0	0.0023674928733632894	0.0	0.0	0.0013890902063100933	0.0	0.0025124414166304296	0.00016910663381166353	0.0	0.00143740638739914	0.0	0.0	1.207904527226168e-05	0.0010146398028699811	0.023324636420737305	0.0007851379426970092	0.026755085278059622	0.007863458472242353	0.0	0.0	0.005532202734695849	0.1208870850847949	0.0	0.0	0.00014494854326714017	0.021247040633908296	0.0	6.03952263613084e-05	0.0013407740252210465	0.0	0.0	1.207904527226168e-05	0.0	0.0	0.0002415809054452336	0.0	0.0008334541237860559	0.00015702758853940185	0.0	0.00021742281490071024	0.05486302362661255	3.623713581678504e-05	0.0	0.0	0.0	0.000265738995989757	0.00949412958399768	0.0	4.831618108904672e-05
30004_BSL1	0.0	0.0	4.999500049995001e-05	0.0	0.0	0.0	0.0	0.0	0.002333100023331	0.0	0.0	0.0	0.0	3.3330000333300005e-05	1.6665000166650003e-05	0.0	4.999500049995001e-05	0.0	0.0	0.0	4.999500049995001e-05	0.0	0.0	0.0	0.0	1.6665000166650003e-05	0.0	0.0	0.000666600006666	0.0	6.666000066660001e-05	0.0	0.0	0.0	0.0	0.0	0.0	0.0	0.0	0.0001666500016665	0.0	0.0	0.0	0.0	0.0016165050161650503	0.0	0.0	0.0	4.999500049995001e-05	0.0007665900076659001	4.999500049995001e-05	0.0	1.6665000166650003e-05	0.00018331500183315	0.0	0.0	0.0	0.0	0.0	0.0	0.0606272706062727	0.000666600006666	8.332500083325e-05	0.872346098723461	0.00034996500349965005	0.03722961037229611	0.0	0.00011665500116655001	0.0	0.00013332000133320002	0.0	0.0001666500016665	0.0	0.0	0.0	0.0	0.0	0.0	0.0	0.0	0.0	0.0	1.6665000166650003e-05	0.00101656501016565	4.999500049995001e-05	0.0	0.00011665500116655001	0.0	0.001333200013332	0.00019998000199980003	0.0	1.6665000166650003e-05	0.0	1.6665000166650003e-05	0.00044995500449955	0.0	0.0	0.0	0.0	0.0012665400126654002	0.0007165950071659501	0.0	0.0	0.0	0.0037162950371629503	0.00298303502983035	4.999500049995001e-05	0.00041662500416625003	0.0	0.0	9.999000099990002e-05	0.0	0.0	9.999000099990002e-05	0.0	0.0	0.0	0.0	0.0	0.00013332000133320002	0.0	0.0	0.009365730093657302	0.0	0.0	6.666000066660001e-05	1.6665000166650003e-05	0.0
30006_BSL1	0.0	0.0001632310418804216	6.995616080589497e-05	0.0	0.0	0.0	0.0	0.001235892174237478	0.007905046171066132	0.0	2.3318720268631656e-05	0.0	0.0	0.0	2.3318720268631656e-05	0.0	2.3318720268631656e-05	0.0	2.3318720268631656e-05	0.0	9.327488107452663e-05	2.3318720268631656e-05	0.0	0.0	0.0	0.0	0.0	0.0	0.005130118459098965	0.0	0.0004430556851040015	0.0	0.0	0.0	0.0	0.0	0.0	0.0	0.0	0.00039641824456673817	0.0	9.327488107452663e-05	2.3318720268631656e-05	0.0	0.001165936013431583	0.0	0.0	2.3318720268631656e-05	0.030081149146534838	0.4580496222367316	0.0	0.0	0.0	0.0	0.0	0.002728290271429904	0.0	0.0	0.0	0.0	0.03719335882846749	0.002122003544445481	0.39215091875757857	0.0010726611323570562	9.327488107452663e-05	2.3318720268631656e-05	0.0	0.0	0.0	9.327488107452663e-05	0.0	0.0001632310418804216	0.0	0.0	0.0	0.0	0.0	0.0	0.0	0.0	0.0	0.0	0.0	0.0017955414606846377	0.0	0.0	0.00020986848241768492	0.0	0.00816155209402108	0.0	2.3318720268631656e-05	0.0	0.0	0.0	0.0	0.0	2.3318720268631656e-05	0.0	0.0	0.0010027049715511612	0.0010493424120884246	0.0	0.0	0.0	0.04591456020893574	0.0	0.00030314336349221156	0.0	0.0	0.0	0.0	0.0	6.995616080589497e-05	0.0	2.3318720268631656e-05	0.0	0.0	2.3318720268631656e-05	0.0	0.00020986848241768492	0.0	0.0	0.0	0.0	0.0	0.0	0.0005596492864471598	0.0
30007_BSL1	0.0	0.0	0.0007606860763186962	9.378321488860639e-05	0.0	0.0	0.0	0.0	0.02199737406998312	0.00039597357397411583	0.0	0.0	0.0	7.294250046891607e-05	0.0	1.0420357209845154e-05	8.336285767876123e-05	0.0	1.0420357209845154e-05	0.0	6.252214325907092e-05	0.0	0.0	0.0	0.0	0.013140070441614738	2.0840714419690307e-05	0.0	0.032646979138444866	7.294250046891607e-05	0.00047933643165287704	1.0420357209845154e-05	0.0	0.0	0.0	0.00020840714419690306	0.0	0.0	3.126107162953546e-05	2.0840714419690307e-05	1.0420357209845154e-05	1.0420357209845154e-05	3.126107162953546e-05	0.0	0.011097680428485088	0.0	0.0	0.0	0.0	6.252214325907092e-05	0.0	0.0	0.0	0.0	0.0	0.00015630535814767732	0.0	0.0	0.0	0.0	0.008628055769751787	0.8423608361294626	0.0003647125023445804	0.0011879207219223475	0.006168851468228331	0.002761394660608966	0.0	0.0	0.0	0.0012296021507617282	0.0	0.00011462392930829669	2.0840714419690307e-05	0.0	0.0	0.0	0.0	0.0	1.0420357209845154e-05	0.0	0.0	0.0	0.0	0.003251151449471688	5.2101786049225765e-05	1.0420357209845154e-05	3.126107162953546e-05	0.0	0.0021465935852281017	1.0420357209845154e-05	0.0	0.0	0.0	0.0	0.0	1.0420357209845154e-05	0.0	0.0	0.0	0.03383489986036722	0.00018756642977721277	0.000135464643727987	0.0	0.0	0.011941729362482546	1.0420357209845154e-05	0.0004897567888627223	0.00018756642977721277	0.0	0.0	0.0	0.0	0.0	0.0	0.0	0.0	0.0	1.0420357209845154e-05	0.0	3.126107162953546e-05	0.002157013942437947	0.0	0.001156659650292812	0.0	0.0	1.0420357209845154e-05	0.0	0.0
30009_BSL1	0.0	0.0012059857659708186	0.0002208142951777555	3.3971430027347e-05	0.0001528714351230615	0.0	0.0	0.0	0.0050787287890883765	1.69857150136735e-05	0.0	5.09571450410205e-05	0.0	0.0028705858373108215	6.7942860054694e-05	0.0	0.006760314575442053	0.0	6.7942860054694e-05	5.09571450410205e-05	0.0004586143053691845	0.0	0.0	0.0003906714453144905	0.0	0.04419683046557845	0.0	0.0	0.005961985969799398	8.49285750683675e-05	0.0031083858475022506	0.0	0.0	0.0	0.0	0.0	3.3971430027347e-05	5.09571450410205e-05	0.0	0.0001189000050957145	0.000203828580164082	3.3971430027347e-05	0.0	3.3971430027347e-05	0.00407657160328164	0.0	0.0	1.69857150136735e-05	0.0	1.69857150136735e-05	0.0	0.0	0.0	1.69857150136735e-05	0.000135885720109388	0.0003567000152871435	0.0	0.0	0.0	0.0	0.014471829191649823	0.000271771440218776	0.01819170077964432	0.8288859069522532	3.3971430027347e-05	0.0	0.0	0.0	3.3971430027347e-05	0.000237800010191429	0.0	0.0001528714351230615	1.69857150136735e-05	0.0	0.0	3.3971430027347e-05	1.69857150136735e-05	1.69857150136735e-05	1.69857150136735e-05	0.0	0.0	0.0013248857710665331	0.0003906714453144905	0.007354814600920626	0.0	0.0	0.001494742921203268	0.0	0.02765274404226046	0.0006964143155606136	1.69857150136735e-05	8.49285750683675e-05	0.0	0.0	1.69857150136735e-05	3.3971430027347e-05	0.0	3.3971430027347e-05	0.0	0.0020213000866271466	0.0006284714555059196	0.0003227285852597965	0.0	0.0	0.01810677220457595	3.3971430027347e-05	0.000237800010191429	0.0	0.0	0.0010361286158340835	0.0	0.0	0.0	5.09571450410205e-05	0.0	0.0	6.7942860054694e-05	0.0	0.0	0.000135885720109388	0.0	0.0	0.0	0.0	0.0	0.0	0.0	0.0
30010_BSL1	0.0	0.0	0.005291270029896301	0.0	0.0	0.0	0.0001000713008018213	0.0	0.07341480805073615	2.5017825200455325e-05	0.00025017825200455323	0.0	0.0	0.08606131868956632	0.006829866279724303	0.0	0.31792652264738624	0.0002877049898052362	0.0006379545426116107	0.0	0.009181541848567103	2.5017825200455325e-05	0.0001000713008018213	0.0163241309432971	1.2508912600227663e-05	2.5017825200455325e-05	0.0	0.0	0.02280374767021503	0.0	0.013209411705840411	1.2508912600227663e-05	0.0002001426016036426	0.0006379545426116107	0.0	0.0028645409854521344	0.00133845364822436	0.0010507486584191237	0.0	0.0003377406402061469	0.002664398383848492	0.0009131506198166193	0.0	0.00016261586380295962	0.025593235180065798	0.0014260160364259534	0.00031272281500569155	5.003565040091065e-05	0.0	7.505347560136598e-05	0.0	0.0	0.0	0.0	0.0	0.006554670202519295	7.505347560136598e-05	6.254456300113831e-05	0.00025017825200455323	0.0001000713008018213	0.0020139349286366535	0.015498542711682073	0.00021265151420387025	0.0002877049898052362	1.2508912600227663e-05	2.5017825200455325e-05	0.0	2.5017825200455325e-05	0.0	0.0021765507924396132	0.0	0.0021014973168382474	0.0019388814530352876	0.0	0.0	0.0003002139024054639	0.0003002139024054639	0.0009131506198166193	2.5017825200455325e-05	0.0	5.003565040091065e-05	2.5017825200455325e-05	0.00031272281500569155	0.08752486146379296	0.00015010695120273195	2.5017825200455325e-05	0.005441376981099033	0.0	0.1658181454286179	0.0	0.000888132794616164	3.752673780068299e-05	2.5017825200455325e-05	0.0	0.0	0.0005253743292095618	5.003565040091065e-05	2.5017825200455325e-05	0.0	0.03167256670377644	0.04833443828727969	0.0011258021340204896	0.0	8.756238820159363e-05	0.010845227224397383	0.0	0.013246938443641094	0.0009882040954179853	0.0	0.0	0.0	0.0	0.0	0.002226586442840524	0.0	0.0	0.0	0.0	0.0	0.006429581076517019	0.0	0.0	0.00018763368900341493	0.0002626871646047809	2.5017825200455325e-05	0.0005629010670102448	1.2508912600227663e-05	7.505347560136598e-05
30011_BSL1	0.0	0.0	0.002590230432763971	0.0009530093101678763	0.0	0.0	4.887227231630135e-05	0.0	0.005485912567504826	0.0	0.0001343987488698287	0.0	0.0	2.4436136158150673e-05	0.00010996261271167803	3.665420423722601e-05	0.023593089460694473	0.0	0.00015883488502797937	0.0	4.887227231630135e-05	0.0	0.0	0.0	0.0	0.02651320773159348	0.00010996261271167803	3.665420423722601e-05	0.0002443613615815067	0.0	0.00010996261271167803	0.00018327102118613004	0.0	0.0	1.2218068079075337e-05	0.0005131588593211641	0.0	4.887227231630135e-05	2.4436136158150673e-05	0.0	0.0	0.00017105295310705472	0.0	0.0	0.0172396940595753	0.0	0.00029323363389780805	0.0	0.0	3.665420423722601e-05	6.109034039537668e-05	0.0002443613615815067	0.0	3.665420423722601e-05	0.0	0.0005009407912420888	0.0	0.0	0.0	4.887227231630135e-05	0.01419739510788554	0.0009652273782469516	0.0023092148669452387	0.8183417638003079	0.0003909781785304108	0.0	0.0	0.0	4.887227231630135e-05	0.0	0.0	0.0	0.00010996261271167803	0.0	0.0	0.0	4.887227231630135e-05	0.0	3.665420423722601e-05	0.0	4.887227231630135e-05	0.0	0.0	0.012437993304498693	0.0011118441951958556	1.2218068079075337e-05	0.0	0.0	0.03851135058524546	0.00015883488502797937	0.0	7.330840847445201e-05	9.77445446326027e-05	0.0002443613615815067	3.665420423722601e-05	8.552647655352736e-05	9.77445446326027e-05	0.0	0.0	0.0008308286293771229	0.007538548004789483	0.0	0.0	0.0	0.004557339393495101	0.0	1.2218068079075337e-05	0.01755736382963126	0.0	0.0	0.0	0.0	0.0	0.0	0.0	0.0	0.0	0.0	0.0	0.00041541431468856147	0.0	0.0	0.0	0.0	0.0	9.77445446326027e-05	1.2218068079075337e-05	0.0
30012_BSL1	0.0	0.0	0.00024279000398869292	9.538178728127222e-05	0.0	0.0	0.00012139500199434646	0.0	0.023281827168201447	0.0	0.0001647503598494702	0.0	7.803964413922273e-05	0.002358531467318731	0.004396233286509547	0.0	0.003286336125418379	8.671071571024747e-05	0.0023065050378925827	7.803964413922273e-05	0.0026880321870176717	6.936857256819798e-05	0.0	0.0	0.00011272393042332172	9.538178728127222e-05	0.0003468428628409899	0.0004508957216932869	0.08190694205989976	3.468428628409899e-05	0.007396424050084109	0.0002601321471307424	0.0	0.0	0.00018209250299151968	0.0	0.0	0.0	7.803964413922273e-05	0.011150998040337826	0.0005983039384007075	0.003771916133395765	0.13623987652394082	0.00022544786084664344	0.007327055477515911	0.0	0.0012139500199434645	0.0	0.004855800079773858	0.29420078733329863	8.671071571024747e-06	0.002479926469313078	0.0	5.202642942614848e-05	0.004222811855089052	6.936857256819798e-05	0.00015607928827844546	0.0	0.0001647503598494702	0.00024279000398869292	0.007786622270780223	0.0008324228708183757	0.19234170958847094	0.0013960425229349843	0.0	0.0033123493401314534	0.00032082964812791566	8.671071571024747e-06	0.00019076357456254445	0.002289162894750533	0.0001647503598494702	0.00036418500598303936	0.0	0.0031475989802819833	0.0	0.0007717253698212025	0.00019076357456254445	0.00018209250299151968	0.0	0.0	0.0	0.0	2.601321471307424e-05	0.02609992542878449	0.0	0.00022544786084664344	0.0015868060974975288	0.0	0.055009278046581	0.00011272393042332172	0.0	8.671071571024747e-06	0.0	0.002098399320187989	0.0	0.0011359103758042419	0.0005115932226904601	6.069750099717323e-05	0.0	0.023767407176178833	8.671071571024747e-05	0.00030348750498586613	0.0	2.601321471307424e-05	0.04763886721120996	0.02043771569290533	0.003537797200978097	0.0	0.0	0.0001994346461335692	0.0	0.0	0.0	7.803964413922273e-05	0.0	8.671071571024747e-06	1.7342143142049494e-05	0.0	0.0005983039384007075	0.0026186636144494737	0.0	8.671071571024747e-06	0.0	6.069750099717323e-05	0.0	0.0012312921630855142	0.0021070703917590136	0.0
30015_BSL1	0.0	0.0	0.0	4.025170734325314e-05	0.0	0.0	0.0	0.0	0.0011002133340489192	4.025170734325314e-05	0.0	0.0	0.0	0.0006037756101487971	1.3417235781084382e-05	0.0	2.6834471562168763e-05	0.0	0.0	0.0	0.0002146757724973501	0.0	0.0	0.0	0.0	2.6834471562168763e-05	0.0	0.0	0.0007916169110839785	0.0	0.0015966510579490413	0.0	0.0	0.0	0.0	0.0	0.0	0.0	0.0	0.00018784130093518132	8.050341468650628e-05	1.3417235781084382e-05	0.0	0.0	0.0021333404891924167	0.0	0.0	0.0	5.3668943124337526e-05	0.0004427687807757846	0.0	0.0	0.0	0.0	2.6834471562168763e-05	4.025170734325314e-05	0.00012075512202975943	0.0	0.0	0.0	0.0011002133340489192	0.0007916169110839785	5.3668943124337526e-05	0.9772041164079376	9.392065046759066e-05	0.0	0.0	0.0	0.0	0.00016100682937301257	0.0	5.3668943124337526e-05	0.0	6.70861789054219e-05	0.0	8.050341468650628e-05	0.0	0.0	0.0001475895935919282	0.0	0.0	0.0	4.025170734325314e-05	0.0024821886195006103	0.0	0.0	0.0006976962606163878	0.0	0.00821134829802364	5.3668943124337526e-05	4.025170734325314e-05	0.0	0.0	0.0	0.0	0.0	2.6834471562168763e-05	1.3417235781084382e-05	0.0	0.0002146757724973501	0.0	0.0	0.0	0.0	0.0007513652037407253	0.0	0.00012075512202975943	0.0	0.0	0.0	0.0	0.0	0.0	0.0	0.0	0.0	1.3417235781084382e-05	0.0	0.0	0.0	1.3417235781084382e-05	0.0	0.0	0.0	0.0	1.3417235781084382e-05	0.0	0.0
30017_BSL1	0.0	0.0	0.0027218290691344584	0.0003577261062291002	0.00020219301656427405	0.0	0.0	0.0	0.01608212147134303	0.00018663970759779142	0.0	0.0	0.0	0.0017264172952795708	7.77665448324131e-05	4.6659926899447856e-05	0.0029084687767322497	0.0	7.77665448324131e-05	0.0	0.000326619488296135	0.0	0.0	0.0	0.0	3.110661793296524e-05	0.0	0.0	0.005614744536900225	0.0	0.010420717007543354	3.110661793296524e-05	0.0	0.0	0.0	0.0	0.0	0.0	0.0	6.221323586593047e-05	0.0	0.0	0.0	0.0	0.02095030717785209	0.0	0.0	0.0	0.0	3.110661793296524e-05	0.0	1.555330896648262e-05	0.0	0.0	0.0	0.0010420717007543355	0.0	0.0	0.0	0.0	0.011836068123493273	0.7877906524613112	0.03429504627109418	0.002286336418072945	0.0006376856676257874	0.0023018897270394275	0.0	0.00013997978069834357	0.0	0.0016175441325141924	0.0	0.0008398786841900614	0.0	0.0	0.0	0.0005910257407263395	0.0	3.110661793296524e-05	0.0	0.0	0.0	0.0	0.0	0.024916400964305155	0.0	0.0	0.00021774632553075667	0.0	0.05980247297612567	0.0	4.6659926899447856e-05	0.0	0.0	7.77665448324131e-05	0.0	0.0	0.0	0.0	0.0	0.00018663970759779142	0.0009954117738548876	0.0005132591958939265	0.0	0.0	0.005459211447235399	0.0	0.0006843455945252353	0.0015553308966482619	0.0	0.0	0.0	0.0	0.0	0.00017108639863130882	0.0	0.0	0.0	0.0	0.0	9.331985379889571e-05	0.0	0.0	0.0	0.0	0.0	0.0	0.0	0.0
30019_BSL1	0.0	0.0	0.0001544624192933859	0.0	0.0	2.059498923911812e-05	0.00010297494619559061	0.0	0.0008958820319016383	0.0	0.00019565239777162216	0.0	2.059498923911812e-05	2.059498923911812e-05	0.001019451967336347	0.0	0.0006281471717931028	5.1487473097795304e-05	0.0009267745157603155	0.0	0.0	1.029749461955906e-05	2.059498923911812e-05	4.118997847823624e-05	0.0	0.024291789807539824	0.0	0.0	0.0002883298493476537	0.0	0.00016475991391294497	0.00041189978478236243	0.0	0.0	4.118997847823624e-05	0.0	0.0	3.089248385867719e-05	6.178496771735437e-05	8.237995695647248e-05	0.0	0.001040046956575465	0.0	0.0	0.0005972546879344255	4.118997847823624e-05	0.000494279741738835	1.029749461955906e-05	0.0	1.029749461955906e-05	0.0	0.00017505740853250405	0.0	1.029749461955906e-05	0.0	0.0	0.00019565239777162216	0.0	0.0	0.00032951982782588994	0.002327233784020348	0.9512722554602465	0.00010297494619559061	0.001184211881249292	0.00016475991391294497	0.0005560647094561893	0.0	0.0	0.0	0.0	0.0	0.0	0.0	0.0	0.0	0.0	4.118997847823624e-05	0.0002471398708694175	1.029749461955906e-05	0.0	0.0	0.0	1.029749461955906e-05	0.0008237995695647249	4.118997847823624e-05	0.0	0.00014416492467382686	0.0	0.0003089248385867718	0.0	0.0	1.029749461955906e-05	0.0	3.089248385867719e-05	0.0	0.0007723120964669296	0.0	0.0	0.0	0.0002883298493476537	0.00010297494619559061	0.0	0.0	0.0	0.0025743736548897653	0.0	6.178496771735437e-05	0.0	0.0	0.0	0.0	0.0	0.0	7.208246233691343e-05	0.0	0.0	0.0	0.0	0.0	0.002327233784020348	0.00405721288010627	0.0	0.0	5.1487473097795304e-05	0.0	3.089248385867719e-05	0.0	0.0
30021_BSL1	0.00027483689028033365	1.194943001218842e-05	0.000370432330377841	0.00023898860024376838	0.0	7.16965800731305e-05	0.0001314437301340726	0.0003823817603900294	0.010145066080347967	0.0	0.00021508974021939155	0.0	3.584829003656525e-05	8.364601008531892e-05	0.0010037521210238271	0.0	0.001541476471572306	2.389886002437684e-05	0.002246492842291423	0.0	0.0002509380302559568	0.0007767129507922472	0.0	0.0	0.0	0.0003345840403412757	0.0	0.00035848290036565256	0.0020194536720598427	0.0	0.0005496737805606673	0.0004899266304997251	2.389886002437684e-05	0.0	0.0	2.389886002437684e-05	0.0	0.00011949430012188419	7.16965800731305e-05	0.003142700093205554	1.194943001218842e-05	0.003847716463924671	0.0	0.0	0.009499796859689793	0.0	0.0005018760605119136	1.194943001218842e-05	0.0	0.0	0.0	0.000967903830987262	0.0	4.779772004875368e-05	0.0	4.779772004875368e-05	0.000143393160146261	0.0	0.0	0.0003106851803168989	0.0015892741916210596	0.0033458404034127573	0.00027483689028033365	0.9145018282627919	7.16965800731305e-05	0.0	0.0	2.389886002437684e-05	0.0	3.584829003656525e-05	2.389886002437684e-05	0.0003823817603900294	0.0002628874602681452	0.0	0.0	7.16965800731305e-05	5.9747150060942095e-05	9.559544009750736e-05	3.584829003656525e-05	0.0	0.0	0.0	7.16965800731305e-05	0.010981526181201157	0.0005257749205362904	0.0	0.007910522668068734	0.0	0.0033219415433883804	0.0	0.0	0.0	0.0005496737805606673	0.0016490213416820018	0.0	0.0010515498410725809	0.00029873575030471046	0.0	0.0	0.0012188418612432187	0.0009440049709628851	2.389886002437684e-05	0.0	3.584829003656525e-05	0.004062806204144062	1.194943001218842e-05	0.00017924145018282628	0.00034653347035346413	0.0	0.0	0.0	0.0	0.0	0.00016729202017063785	0.0003106851803168989	4.779772004875368e-05	0.0	2.389886002437684e-05	0.0	0.0030351552230958585	1.194943001218842e-05	0.0	0.0	0.0011590947111822765	0.00047797720048753676	0.0003226346103290873	0.0	0.00015534259015844944
30022_BSL1	0.0	1.1899520449325893e-05	8.329664314528125e-05	0.0	0.0005473779406689911	0.0	0.0	0.0	0.003998238870973499	0.0	0.0	0.0	0.0	0.0003569856134797768	0.0	0.0	4.759808179730357e-05	0.0	0.0	0.0001308947249425848	5.949760224662946e-05	0.0	0.0	0.0	0.0	2.3799040898651785e-05	1.1899520449325893e-05	0.0	0.014969596725251973	1.1899520449325893e-05	0.0009043635541487678	0.0	0.0	0.0	0.0	0.0	0.0	0.005759367897473732	0.0	0.0	8.329664314528125e-05	1.1899520449325893e-05	0.0011542534835846116	2.3799040898651785e-05	0.001451741494817759	0.0	0.0	0.0001546937658412366	0.0013803443721218036	0.007460999321727334	0.0006901721860609018	0.0	0.0	0.0007139712269595536	0.0	4.759808179730357e-05	0.0	0.0	0.0	0.0	0.03339005438080846	0.015659768911312873	0.0007139712269595536	0.8061568118804812	0.023596749051013242	0.009983697656984423	0.0	1.1899520449325893e-05	1.1899520449325893e-05	1.1899520449325893e-05	0.0	0.0	0.0	0.0002617894498851696	0.0	0.0	0.0	0.0	0.0	0.0	0.0	0.0	0.0	0.001118554922236634	0.0	0.0	0.00010709568404393303	0.0	0.009507716839011388	0.00010709568404393303	0.0	0.0	0.0	0.0	1.1899520449325893e-05	0.0	0.0	0.0	0.0	0.0013565453312231518	0.00220141128312529	0.0	0.0	0.0	0.0055332770089365395	0.04944250746694908	3.569856134797768e-05	0.00027368897033449555	0.0	0.0	0.0	0.0	0.0	0.0	0.0	0.00021419136808786606	9.519616359460714e-05	0.0	0.0	0.0	0.0	2.3799040898651785e-05	1.1899520449325893e-05	1.1899520449325893e-05	0.0	0.0	5.949760224662946e-05	0.0
30027_BSL1	0.0	0.0	0.0008788742929269319	5.6098359122995655e-05	0.0	0.0	0.0	0.0	0.0008321256603244355	0.0001495956243279884	0.0	0.0010284699172549202	0.0	0.00047683605254546306	1.869945304099855e-05	0.0	6.544808564349493e-05	0.0	0.0	0.000373989060819971	0.0	0.0	0.0	0.0	0.0	1.869945304099855e-05	0.0	0.0	0.03242485157309149	0.00044878687298396524	0.003945584591650694	0.0	0.0	0.0	3.73989060819971e-05	0.0	0.0	1.869945304099855e-05	0.0	0.00012154644476649058	7.47978121639942e-05	9.349726520499275e-06	0.0	9.349726520499275e-06	0.0056378850918610635	0.0	4.6748632602496374e-05	9.349726520499275e-06	0.0	9.349726520499275e-06	1.869945304099855e-05	2.8049179561497827e-05	0.0	0.0	0.00012154644476649058	0.00019634425693048477	0.0	0.0	9.349726520499275e-06	0.0	0.01627787387218924	0.871216866906643	0.00012154644476649058	0.0003085409751764761	0.0015427048758823805	1.869945304099855e-05	0.0	1.869945304099855e-05	0.0	0.0005890327707914544	0.0	0.0002337431630124819	0.0	0.0	0.0	0.00015894535084848768	0.0	0.0	0.0	0.0	0.0	0.0	0.0	0.00044878687298396524	0.0005796830442709551	0.0	2.8049179561497827e-05	0.0	0.031648824271890044	0.0001869945304099855	9.349726520499275e-06	9.349726520499275e-06	0.0	0.0	9.349726520499275e-06	9.349726520499275e-06	0.0	0.0	0.0	0.023346267121686692	0.00021504370997148334	0.0	0.0	0.0	0.003842737599925202	1.869945304099855e-05	0.0006544808564349493	0.00040203824038146887	0.0	0.0	6.544808564349493e-05	0.0	0.0	0.0	0.0	0.0	2.8049179561497827e-05	0.0	0.0	0.0	0.0	0.0008040764807629377	0.00014024589780748913	0.0	0.0	0.0	0.0	0.0
30031_BSL1	0.0	0.0	0.00015345176198729057	9.026574234546504e-06	0.0	0.0003610629693818602	9.026574234546504e-06	0.0	0.0003339832466782207	0.0	0.0008575245522819179	0.0	0.0	3.610629693818602e-05	0.001841421143847487	0.0	3.610629693818602e-05	0.00013539861351819757	0.003881426920854997	0.0	0.0	0.00010831889081455805	0.0	5.4159445407279026e-05	0.0	0.047118717504332754	0.0	0.0	0.0005235413056036973	0.0	0.0001805314846909301	0.0	3.610629693818602e-05	0.0002076112073945696	0.0	0.0	9.026574234546504e-06	0.0	4.5132871172732525e-05	0.0	0.0	0.0	0.0	0.0	0.0013269064124783363	9.026574234546505e-05	0.00028885037550548814	1.805314846909301e-05	1.805314846909301e-05	3.610629693818602e-05	0.0	0.0	0.0	0.0	0.0	9.026574234546504e-06	0.0	1.805314846909301e-05	0.0	0.0001715049104563836	0.0031773541305603697	0.9105827556325823	0.0	0.0011734546504910456	0.0007401790872328134	0.0	0.0	8.123916811091855e-05	0.0	0.0	0.0	0.0004964615829000578	0.0	0.0	0.0	0.0	0.0002076112073945696	0.0	7.221259387637204e-05	0.0	0.0	0.0	0.0	0.00045132871172732527	0.0	0.0001805314846909301	0.00029787694974003464	0.0	0.001182481224725592	0.00015345176198729057	0.0	2.7079722703639513e-05	9.026574234546504e-06	0.00022566435586366263	0.0	0.00023469093009820914	6.318601964182553e-05	0.0	0.0	4.5132871172732525e-05	0.00010831889081455805	0.0	0.0	9.026574234546504e-06	0.005172227036395147	9.026574234546504e-06	0.00014442518775274407	0.00047840843443096477	0.0	0.0	0.0	0.0	0.0	0.0	0.0	0.0	0.0	0.0	0.0	0.0016789428076256498	0.014839688041594454	0.0	1.805314846909301e-05	0.0	0.0	0.00022566435586366263	0.0	0.0
30033_BSL1	0.0	0.0	0.0014191683499338301	0.0002002507487636693	0.0009141882008776207	0.0	0.0	8.706554294072578e-06	0.01303371177822665	0.0	0.0	0.0	0.0	0.0003656752803510483	0.0	0.0	1.7413108588145156e-05	0.0	0.0	0.0009403078637598384	0.0005049801490562095	0.0	0.0	0.0	0.0	2.6119662882217733e-05	0.0	0.0	0.05445949710942397	0.00021766385735181445	0.0033520234032179425	0.0	0.0	0.0	0.0	0.00016542453158737897	0.0	0.0	0.0	0.0012711569269345964	0.000618165354879153	0.0	5.2239325764435466e-05	9.577209723479836e-05	0.013286201852754753	0.0	0.0	3.482621717629031e-05	8.706554294072578e-06	8.706554294072578e-06	0.0	9.577209723479836e-05	0.0	0.0	0.0	0.0003221425088806854	1.7413108588145156e-05	0.0	0.0	0.0	0.0043532771470362885	0.001898028836107822	0.0002002507487636693	0.8147071115135474	8.706554294072578e-06	2.6119662882217733e-05	0.0	0.0	8.706554294072578e-06	0.0005746325834087902	0.0	0.00084453576652504	2.6119662882217733e-05	0.0	0.0	8.706554294072578e-05	0.0	0.0	0.0	0.0	0.0	4.353277147036289e-05	8.706554294072578e-06	0.011692902416939472	0.0	0.0	0.000949014418053911	0.0	0.02320296719370342	0.0	8.706554294072578e-06	8.706554294072578e-06	0.0	0.0	0.0	0.0	0.0	0.0	0.0	0.00972522114647907	0.004344570592742216	2.6119662882217733e-05	0.0	0.0	0.012206589120289754	0.020582294351187573	0.0025858466253395555	0.0	0.0	0.0	0.0	0.0	0.0	8.706554294072578e-05	7.83589886466532e-05	0.0	0.0	0.0	0.0	0.0	1.7413108588145156e-05	0.0	0.0	7.83589886466532e-05	0.0	0.0	0.00018283764017552415	0.0
30035_BSL1	0.0	0.0	0.0	0.0	0.0	0.0	0.0	0.0	4.575025848896046e-05	0.0	0.0	0.0	0.0	0.0	7.320041358233674e-05	9.150051697792093e-06	0.0	0.0	3.660020679116837e-05	0.0	0.0	9.150051697792093e-06	0.0	0.0	0.0	0.07082140014091079	0.0	0.0	0.0003660020679116837	2.745015509337628e-05	2.745015509337628e-05	2.745015509337628e-05	0.0	0.0	0.0	9.150051697792093e-06	0.0	9.150051697792093e-06	0.0	9.150051697792093e-06	0.0	0.00019215108565363395	0.0	0.0	6.405036188454465e-05	0.0	0.0	0.0	3.660020679116837e-05	0.0002653514992359707	0.0	5.490031018675256e-05	0.0	0.0	0.0	0.0	0.0	0.0	0.0	3.660020679116837e-05	0.006505686757130178	0.8988370284292106	0.0	0.0015189085818334874	0.0005307029984719414	0.006167134844311871	0.0	0.0	0.0	0.0	0.0	0.0	0.0	0.0	0.0	0.0	9.150051697792093e-06	9.150051697792093e-06	0.0	0.0	0.0	0.0	0.0	0.00010065056867571301	0.0	0.0	0.0	0.0	9.150051697792092e-05	0.0	0.0	1.8300103395584186e-05	0.0	1.8300103395584186e-05	0.0	0.0001281007237690893	9.150051697792093e-06	0.0	0.0	9.150051697792093e-06	1.8300103395584186e-05	0.0	0.0	0.0	0.004748876831154096	4.575025848896046e-05	0.0	0.0	0.0	0.0	0.0	0.0	0.0	0.0	0.0	0.0	0.0	0.0	0.0	0.00021960124074701023	0.00887555014685833	0.0	0.0	0.0	0.0	1.8300103395584186e-05	0.0	0.0
30036_BSL1	0.0	0.0	0.00018837229214830036	1.712475383166367e-05	0.0	1.712475383166367e-05	0.0	0.0	0.0	0.0	1.712475383166367e-05	0.0	0.0	3.424950766332734e-05	0.0	0.0	0.0001198732768216457	0.0	0.0	1.712475383166367e-05	0.0	0.0	0.0	0.0	0.0	3.424950766332734e-05	0.0	0.0	0.00020549704597996405	0.0	3.424950766332734e-05	0.0	0.0	0.0	0.0	0.0	0.0	5.137426149499101e-05	0.0	0.0	0.0	0.0	0.0	0.0	0.0004452435996232554	0.0	1.712475383166367e-05	1.712475383166367e-05	0.0	5.137426149499101e-05	0.0	0.0	0.0	0.00015412278448497302	0.0	0.0	0.0	0.0	0.0	0.0	0.07920198647144447	0.0023118417672745952	0.0007534891685932014	0.9141364842880384	0.0005651168764449011	1.712475383166367e-05	0.0	0.0	0.0	0.0	0.0	0.0001198732768216457	0.0	0.0	0.0	0.0	0.0	0.0	1.712475383166367e-05	0.0	0.0	0.0	0.0	1.712475383166367e-05	3.424950766332734e-05	0.0	0.0	0.0	0.0005308673687815737	0.0	0.0	1.712475383166367e-05	0.0	0.0	0.0	1.712475383166367e-05	0.0	0.0	0.0	5.137426149499101e-05	0.00013699803065330936	0.0	0.0	0.0	0.0004623683534549191	3.424950766332734e-05	0.0	0.00015412278448497302	0.0	0.0	0.0	0.0	0.0	0.0	0.0	0.0	0.0	0.0	0.0	0.0	0.0	0.0	0.0	0.0	0.0	0.0	0.0	0.0
30037_BSL1	0.0	0.0	0.00010600182323135958	0.0	0.0	0.0	0.0	0.0	0.0008480145858508766	0.0	0.0	0.0	0.0	6.360109393881575e-05	0.00010600182323135958	0.0	6.360109393881575e-05	0.0	8.480145858508766e-05	0.0	6.360109393881575e-05	0.0	0.0	0.0	0.0	0.011130191439292756	2.1200364646271915e-05	2.1200364646271915e-05	0.00036040619898662255	4.240072929254383e-05	8.480145858508766e-05	0.0	0.0	0.0	0.0	4.240072929254383e-05	0.0	6.360109393881575e-05	0.0	0.0002756047404015349	4.240072929254383e-05	2.1200364646271915e-05	0.0	0.0	0.0007632131272657889	0.0	0.0	0.0	2.1200364646271915e-05	0.0	0.0	2.1200364646271915e-05	0.0	0.0	0.0	0.0	2.1200364646271915e-05	0.0	0.0	8.480145858508766e-05	0.0026712459454302615	0.9720367190315673	0.001017617503021052	0.0018868324535182006	0.00023320401110899107	0.0019292331828107444	0.0	0.0	0.0	2.1200364646271915e-05	0.0	0.00021200364646271915	2.1200364646271915e-05	0.0	0.0	0.0	2.1200364646271915e-05	0.0	0.0	0.0	0.0	2.1200364646271915e-05	0.0	0.0009540164090822362	2.1200364646271915e-05	0.0	0.0001484025525239034	0.0	0.000508808751510526	0.0	0.0	2.1200364646271915e-05	0.0	0.0	0.0	0.0	0.00019080328181644724	0.0	0.0	8.480145858508766e-05	2.1200364646271915e-05	0.0	0.0	0.0	0.0016960291717017532	2.1200364646271915e-05	0.00016960291717017532	0.0	0.0	0.0	0.0	0.0	0.0	0.0	0.0	0.0	0.0	0.0	0.0	2.1200364646271915e-05	0.0016324280777629376	0.0	0.0	6.360109393881575e-05	0.0	0.0	0.0	2.1200364646271915e-05
30038_BSL1	0.0	0.0	0.0	5.0999592003263974e-05	0.0	0.0	0.0	0.0	0.0008771929824561404	0.0	7.139942880456957e-05	0.00014279885760913914	0.0	0.0	9.179926560587515e-05	0.0	0.000397796817625459	0.0	0.0002549979600163199	0.00013259893920848634	0.0	3.0599755201958386e-05	0.0	1.0199918400652794e-05	0.0	0.0	0.0002957976336189311	4.0799673602611176e-05	0.004120767033863729	3.0599755201958386e-05	6.119951040391677e-05	8.159934720522235e-05	0.0	0.0	0.0	2.0399836801305588e-05	0.0	0.0	2.0399836801305588e-05	4.0799673602611176e-05	2.0399836801305588e-05	0.0003569971440228478	0.0	0.0	0.0004589963280293758	0.0	3.0599755201958386e-05	4.0799673602611176e-05	0.0	0.0	0.0	5.0999592003263974e-05	0.0	0.0	0.0	2.0399836801305588e-05	0.0	0.0	0.0	7.139942880456957e-05	0.0815483476132191	0.6385760913912689	0.0016829865361077112	0.1996328029375765	0.026050591595267236	0.005069359445124439	0.0	0.0	4.0799673602611176e-05	0.0	0.0	3.0599755201958386e-05	1.0199918400652794e-05	0.0	0.0	0.0	0.0	5.0999592003263974e-05	0.0	0.0	0.0	0.0	0.0	0.00014279885760913914	0.0	0.0	2.0399836801305588e-05	0.0	1.0199918400652794e-05	8.159934720522235e-05	0.0	1.0199918400652794e-05	0.0	7.139942880456957e-05	0.0	0.0001631986944104447	0.0	0.0	0.0	0.001142390860873113	3.0599755201958386e-05	0.0	0.0	0.0	0.0011729906160750714	0.03651570787433701	0.0	3.0599755201958386e-05	0.0	0.0	0.0	0.0	0.0	0.0	0.0	0.0	2.0399836801305588e-05	0.0	0.0	4.0799673602611176e-05	2.0399836801305588e-05	0.0	0.0	0.0	0.0	1.0199918400652794e-05	0.0	0.0
30039_BSL1	0.0	0.0006980115619351028	0.00039375011186082724	0.0	0.0019150573622322051	0.0	0.0	0.0	0.0018255687004456536	0.0	0.0	0.0006443183648631719	0.0	0.0	0.0	0.0	0.00044744330893275823	0.0	0.0	0.0001252841265011723	3.579546471462066e-05	0.0	0.0	0.0	0.0	0.0	0.0	0.0	0.028761655898197697	0.0	0.00021477278828772395	0.0	0.0	0.0	0.0	0.0008948866178655165	0.0	0.0	0.0	0.00014318185885848263	8.948866178655165e-05	3.579546471462066e-05	0.0	0.00010738639414386198	0.006031535804413581	0.0	0.0	0.0	0.0	0.0	0.0	7.159092942924132e-05	0.0	0.0	0.0	0.0	0.0	0.0	0.0	0.0	0.00218352334759186	0.009861650528877991	0.9252411719435147	0.0017718755033737225	7.159092942924132e-05	0.0	0.0	0.0	0.0	3.579546471462066e-05	0.0	7.159092942924132e-05	0.0	0.0	0.0	0.0	0.0	0.0	3.579546471462066e-05	0.0	0.0	0.0	0.0	0.0015571027150859985	0.0	0.0	0.00034005691478889626	0.0	0.0012170458002971024	0.00023267052064503428	3.579546471462066e-05	0.0	0.0	0.0	0.0	0.0	1.789773235731033e-05	0.0	0.0	0.01093551447031661	0.00014318185885848263	0.0	0.0	0.0	0.002613068924167308	0.0	3.579546471462066e-05	0.0	0.0	0.0	3.579546471462066e-05	0.0	0.0	0.0	1.789773235731033e-05	0.0	0.00010738639414386198	0.0	0.0	0.0	0.0	5.369319707193099e-05	0.0	5.369319707193099e-05	0.0	3.579546471462066e-05	0.0008590911531508958	0.0
30040_BSL1	0.0	0.0	0.0023066551875375644	0.0	0.0	0.0	0.0	0.0	0.0002436607592469258	0.0	0.0	0.0	0.0	0.0	0.0	0.0	0.08174006270203538	0.0	0.0	0.0	0.0	0.0	0.0	0.0	0.0	0.0	0.0	0.0	0.0012670359480840142	0.0	0.013937395428924157	0.0	0.0	0.0	0.0	6.497620246584689e-05	0.0	0.0	0.0	0.0	0.0	0.0	0.0	0.0	0.003183833920826497	0.0	0.0	0.0	3.248810123292344e-05	0.0	0.0	0.0	0.0	0.0	0.0	9.746430369877033e-05	0.0	0.0	0.0	0.0	0.004125988856581277	0.8403534705414142	0.007309822777407774	0.00019492860739754066	0.0	3.248810123292344e-05	0.0	0.0	0.0	0.0003898572147950813	0.0	0.0	0.0	0.0	0.0	4.8732151849385165e-05	0.0	0.0	0.0	0.0	0.0	0.0	0.0	0.00292392911096311	0.0	0.0	0.0	0.0	0.015220675427624633	0.00016244050616461722	0.0	1.624405061646172e-05	0.0	0.0	0.0	0.0	0.0	0.0	0.0	0.0023553873393869496	0.021572099218661166	0.0	0.0	0.0	0.0017218693653449425	0.0	0.000698494176507854	0.0	0.0	0.0	0.0	0.0	0.0	0.0	0.0	0.0	0.0	0.0	0.0	0.0	0.0	0.0	0.0	0.0	0.0	0.0	0.0	0.0
30042_BSL1	0.0	0.0	1.2096725416429773e-05	0.0	0.0	0.0	0.0	0.0	6.0483627082148866e-05	0.0	0.0	0.0	0.0	0.0	1.2096725416429773e-05	0.0	0.0	0.0	0.0	0.0	0.0	0.0	0.0	0.0	0.0	0.0	0.0	0.0	8.46770779150084e-05	0.0	0.0	1.2096725416429773e-05	0.0	0.0	0.0	0.0	0.0	0.0	0.0	0.0	0.0	0.0	0.0	0.0	8.46770779150084e-05	0.0	0.0	0.0	0.0	0.0	0.0	0.0	0.0	0.0	0.0	0.0	0.0	0.0	0.0	0.0	0.009471736001064511	0.9725767234809537	0.00015725743041358704	0.001536284127886581	0.0004475788404079016	0.014262039265970701	0.0	0.0	0.0	0.0	0.0	0.0	0.0	0.0	0.0	0.0	0.0	0.0	0.0	0.0	0.0	0.0	0.0	0.0	0.0	0.0	0.0	0.0	0.0	0.0	0.0	3.629017624928932e-05	0.0	0.0	0.0	0.0	0.0	0.0	0.0	0.0005927395454050589	2.4193450832859546e-05	0.0	0.0	0.0	0.00020564433207930614	0.0003387083116600336	0.0	6.0483627082148866e-05	0.0	0.0	0.0	0.0	0.0	0.0	0.0	0.0	0.0	0.0	0.0	0.0	0.0	0.0	2.4193450832859546e-05	0.0	0.0	0.0	0.0	0.0
