nutrient	taxon	r	p_value	n	q_value
alcohol	Veillonella	0.2926857494262871	0.04588189316888311	47	0.9463200003463983
alcohol	Bifidobacterium	0.2787867715351184	0.057747088652760466	47	0.9463200003463983
alcohol	Faecalibacterium	-0.2703485324603783	0.06607741187783621	47	0.9463200003463983
alcohol	Negativicoccus	0.24882999923617752	0.09168029993404185	47	0.9463200003463983
alcohol	Lactobacillus_gasseri	0.24692241180575666	0.0942776542161941	47	0.9463200003463983
alcohol	f_Bifidobacteriaceae	0.24471140165243793	0.09735905300732317	47	0.9463200003463983
alcohol	Escherichia/Shigella	0.2373487498944846	0.1081829649009082	47	0.9463200003463983
alcohol	Haemophilus	0.20873877874174077	0.15910975354366846	47	0.9463200003463983
alcohol	Streptococcus	0.20515444164955904	0.16655444599204272	47	0.9463200003463983
alcohol	Actinomyces	0.19314596107277315	0.19333582129370303	47	0.9463200003463983
alcohol	Oscillibacter	-0.19010138778265678	0.2005859824703775	47	0.9463200003463983
alcohol	f_Lachnospiraceae	-0.18868296578597982	0.2040283818243691	47	0.9463200003463983
alcohol	Howardella	0.18662587621419768	0.2090942426368673	47	0.9463200003463983
alcohol	Dorea	-0.1744109399362543	0.2409896344341326	47	0.9463200003463983
alcohol	"f_""Prevotellaceae"""	0.1710769148337961	0.25024157492358545	47	0.9463200003463983
alcohol	Propionimicrobium	0.16741928644521836	0.2606638596459701	47	0.9463200003463983
alcohol	Parabacteroides	-0.16653926828413215	0.2632141106406172	47	0.9463200003463983
alcohol	Lactobacillus_crispatus	-0.16524963259680311	0.2669813768509643	47	0.9463200003463983
alcohol	Finegoldia	0.1629345709594275	0.2738335919730829	47	0.9463200003463983
alcohol	Bacteroides	-0.1625499844501723	0.2749830530823073	47	0.9463200003463983
alcohol	Gardnerella_vaginalis	0.1602585451727134	0.28189766713854975	47	0.9463200003463983
alcohol	f_Lactobacillaceae	-0.15862704576824127	0.28688970376322565	47	0.9463200003463983
alcohol	Micrococcus	-0.15862704576824127	0.28688970376322565	47	0.9463200003463983
alcohol	f_Dermabacteraceae	-0.15862704576824127	0.28688970376322565	47	0.9463200003463983
alcohol	Clostridium_IV	-0.15862704576824127	0.28688970376322565	47	0.9463200003463983
alcohol	Brevibacterium	0.15288788777390802	0.3049058578086524	47	0.9463200003463983
alcohol	Staphylococcus	-0.15174037278913713	0.30859323428770696	47	0.9463200003463983
alcohol	Collinsella	-0.15065314928318366	0.3121130440239009	47	0.9463200003463983
alcohol	Eubacterium	-0.15065314928318366	0.3121130440239009	47	0.9463200003463983
alcohol	Intestinibacter	-0.15065314928318366	0.3121130440239009	47	0.9463200003463983
alcohol	Enterococcus	0.1488355507001174	0.3180542418904284	47	0.9463200003463983
alcohol	Peptostreptococcus	0.1461085129716283	0.32710146701384735	47	0.9463200003463983
alcohol	Fusobacterium	0.14565940893585486	0.32860674720425687	47	0.9463200003463983
alcohol	Alistipes	-0.1425921808509498	0.33900304550922933	47	0.9463200003463983
alcohol	Aerococcus	-0.1425921808509498	0.33900304550922933	47	0.9463200003463983
alcohol	Fannyhessea_vaginae	-0.1425921808509498	0.33900304550922933	47	0.9463200003463983
alcohol	Granulicatella	0.13860289248570276	0.35282600442593515	47	0.9463200003463983
alcohol	Sutterella	-0.13441305554070018	0.367709001896939	47	0.9463200003463983
alcohol	Coprococcus	-0.13441305554070018	0.367709001896939	47	0.9463200003463983
alcohol	Blautia	-0.13214862003825073	0.3759075220756536	47	0.9463200003463983
alcohol	Ureaplasma	0.13004165224103947	0.3836329933198305	47	0.9463200003463983
alcohol	Bilophila	-0.12607692068400916	0.39842236011307586	47	0.9463200003463983
alcohol	Clostridium_XlVa	-0.12607692068400916	0.39842236011307586	47	0.9463200003463983
alcohol	f_Neisseriaceae	-0.12607692068400916	0.39842236011307586	47	0.9463200003463983
alcohol	Propionibacterium	-0.12465808918042307	0.4037944540459186	47	0.9463200003463983
alcohol	Slackia	-0.11753397957779257	0.4313945064094653	47	0.9463200003463983
alcohol	Flavonifractor	-0.11753397957779257	0.4313945064094653	47	0.9463200003463983
alcohol	Helcococcus	-0.11753397957779257	0.4313945064094653	47	0.9463200003463983
alcohol	Akkermansia	0.11257369190402741	0.4512191175582023	47	0.9463200003463983
alcohol	f_Clostridiales_Incertae_Sedis_XIII	0.10915903001652756	0.46515060242264983	47	0.9463200003463983
alcohol	Romboutsia	-0.1087184284826566	0.4669648842816486	47	0.9463200003463983
alcohol	Turicibacter	-0.1087184284826566	0.4669648842816486	47	0.9463200003463983
alcohol	Barnesiella	-0.1087184284826566	0.4669648842816486	47	0.9463200003463983
alcohol	Actinobaculum	-0.1087184284826566	0.4669648842816486	47	0.9463200003463983
alcohol	Arthrobacter	0.10294642892097433	0.49107909823135	47	0.9463200003463983
alcohol	Eggerthella	-0.09953993806698178	0.5056079904826027	47	0.9463200003463983
alcohol	f_Enterobacteriaceae	-0.09953993806698178	0.5056079904826027	47	0.9463200003463983
alcohol	f_Coriobacteriaceae	-0.09953993806698178	0.5056079904826027	47	0.9463200003463983
alcohol	Peptoniphilus	0.09225571525151668	0.5373931302708164	47	0.9463200003463983
alcohol	Alloscardovia	0.09000499358676974	0.5474066104379576	47	0.9463200003463983
alcohol	Erysipelotrichaceae_incertae_sedis	-0.08986829239620436	0.548017655183773	47	0.9463200003463983
alcohol	Clostridium_XVIII	-0.08986829239620436	0.548017655183773	47	0.9463200003463983
alcohol	Enhydrobacter	-0.08986829239620436	0.548017655183773	47	0.9463200003463983
alcohol	Jonquetella	-0.08986829239620436	0.548017655183773	47	0.9463200003463983
alcohol	f_Peptostreptococcaceae	-0.08986829239620436	0.548017655183773	47	0.9463200003463983
alcohol	Nosocomiicoccus	-0.08986829239620436	0.548017655183773	47	0.9463200003463983
alcohol	Prauserella	-0.08986829239620436	0.548017655183773	47	0.9463200003463983
alcohol	Parasutterella	-0.08986829239620436	0.548017655183773	47	0.9463200003463983
alcohol	f_Microbacteriaceae	-0.08986829239620436	0.548017655183773	47	0.9463200003463983
alcohol	Prevotella	0.08883361752313693	0.5526531114835865	47	0.9463200003463983
alcohol	Lactobacillus_jensenii	-0.08713506537555558	0.5603028628764346	47	0.9463200003463983
alcohol	Anaerostipes	0.08563629843842474	0.5670937366489044	47	0.9463200003463983
alcohol	Lachnospiracea_incertae_sedis	-0.08314153291777109	0.5784811858313489	47	0.9463200003463983
alcohol	Actinotignum	0.08098842778447839	0.5883917851166499	47	0.9463200003463983
alcohol	"f_""Porphyromonadaceae"""	-0.07950301297924825	0.5952729068519531	47	0.9463200003463983
alcohol	Acidaminococcus	-0.07950301297924825	0.5952729068519531	47	0.9463200003463983
alcohol	Asaccharobacter	-0.07950301297924825	0.5952729068519531	47	0.9463200003463983
alcohol	f_Ruminococcaceae	-0.07920948327315304	0.5966368579787669	47	0.9463200003463983
alcohol	Rothia	0.0760720697315452	0.6113005434649882	47	0.9463200003463983
alcohol	Anaerococcus	-0.07473190738731442	0.6176108665487678	47	0.9463200003463983
alcohol	Clostridium_XlVb	-0.06810497592700203	0.6492097191080644	47	0.9463200003463983
alcohol	Intestinimonas	-0.06810497592700203	0.6492097191080644	47	0.9463200003463983
alcohol	Eisenbergiella	-0.06810497592700203	0.6492097191080644	47	0.9463200003463983
alcohol	Megamonas	-0.06810497592700203	0.6492097191080644	47	0.9463200003463983
alcohol	Sneathia	-0.06810497592700203	0.6492097191080644	47	0.9463200003463983
alcohol	Ruminococcus	0.06376439917347403	0.6702469063716591	47	0.9463200003463983
alcohol	Facklamia	-0.0586681785664322	0.6952681028078606	47	0.9463200003463983
alcohol	f_Veillonellaceae	0.05853164262552475	0.6959430373276373	47	0.9463200003463983
alcohol	Moraxella	-0.05500858564507344	0.7134376227839874	47	0.9463200003463983
alcohol	Paraprevotella	-0.05500858564507344	0.7134376227839874	47	0.9463200003463983
alcohol	Trueperella	-0.05500858564507344	0.7134376227839874	47	0.9463200003463983
alcohol	f_Erysipelotrichaceae	-0.05500858564507344	0.7134376227839874	47	0.9463200003463983
alcohol	Gemmiger	-0.054439765456476746	0.7162762199130392	47	0.9463200003463983
alcohol	Roseburia	-0.054439765456476746	0.7162762199130392	47	0.9463200003463983
alcohol	Ruminococcus2	-0.053854028699524444	0.7192032002632627	47	0.9463200003463983
alcohol	Parvimonas	0.05215948255248606	0.7276933042914594	47	0.946738424678093
alcohol	Ezakiella	0.05077202082878359	0.7346690175502001	47	0.946738424678093
alcohol	f_Staphylococcaceae	0.045943868221112745	0.7591054324743833	47	0.9682467250948766
alcohol	Rhizobium(0.01)	-0.042892526321927936	0.7746714473530457	47	0.969671307287806
alcohol	Olsenella	-0.04164421970109146	0.7810652139499259	47	0.969671307287806
alcohol	Limosilactobacillus_vaginalis	-0.04065674353719202	0.7861331928488265	47	0.969671307287806
alcohol	f_Clostridiales_Incertae_Sedis_XI	0.03643316217590266	0.8079062126558896	47	0.969671307287806
alcohol	Mobiluncus	-0.03529262159259129	0.8138113043082702	47	0.969671307287806
alcohol	Paracoccus	0.03258809257544043	0.8278542322650247	47	0.969671307287806
alcohol	Lactobacillus	0.03247680640630813	0.8284332441249074	47	0.969671307287806
alcohol	Corynebacterium	-0.032067434896984916	0.8305639399562312	47	0.969671307287806
alcohol	Phascolarctobacterium	0.030798440093532033	0.8371763882641039	47	0.969671307287806
alcohol	Anaeroglobus	0.028471521035325353	0.8493300469171858	47	0.969671307287806
alcohol	Murdochiella	0.027077666973910494	0.8566270369036304	47	0.969671307287806
alcohol	Dermabacter	-0.02617562329627322	0.8613557003931086	47	0.969671307287806
alcohol	Fusicatenibacter	-0.02598485037057381	0.8623563851098996	47	0.969671307287806
alcohol	Gemella	0.021369241033075696	0.8866286671300545	47	0.969671307287806
alcohol	Atopobium	0.021178418916518605	0.8876345227421745	47	0.969671307287806
alcohol	Varibaculum	0.02077258157014374	0.8897743395215494	47	0.969671307287806
alcohol	Unclassified	-0.02033211829638618	0.8920976027047816	47	0.969671307287806
alcohol	Fastidiosipila	-0.018743038903504282	0.90048664786502	47	0.9703519912338577
alcohol	Campylobacter	-0.016387156833868214	0.9129433114301142	47	0.975366785715934
alcohol	Gardnerella	-0.01138711426453525	0.9394458373062766	47	0.9812138720014285
alcohol	Porphyromonas	0.009057879937707744	0.9518157590107281	47	0.9812138720014285
alcohol	Lactobacillus_iners	0.007778283538264127	0.9586163053400476	47	0.9812138720014285
alcohol	Dialister	-0.007368900194144962	0.9607926526893082	47	0.9812138720014285
alcohol	f_Peptoniphilaceae	0.004586597613593446	0.9755904969421398	47	0.9812138720014285
alcohol	Peptococcus	0.004586597613593446	0.9755904969421398	47	0.9812138720014285
alcohol	Megasphaera	-0.004211672399211668	0.9775852888945611	47	0.9812138720014285
alcohol	Clostridium_sensu_stricto	-0.0035297364860864336	0.9812138720014285	47	0.9812138720014285
animal_protein	f_Staphylococcaceae	0.43456070041932715	0.0022716395318060608	47	0.2839549414757576
animal_protein	Akkermansia	-0.391129791077793	0.0065582951798334324	47	0.32836055166073863
animal_protein	Micrococcus	0.3765844631413466	0.009079704839485782	47	0.32836055166073863
animal_protein	Lactobacillus_crispatus	-0.36984125873611057	0.010507537653143635	47	0.32836055166073863
animal_protein	Eggerthella	-0.33585087364662114	0.021001137843194965	47	0.5250284460798741
animal_protein	Gardnerella_vaginalis	0.29960931021414094	0.04075907258082571	47	0.6102680891869473
animal_protein	Rothia	0.2939287075606377	0.0449254930031211	47	0.6102680891869473
animal_protein	Flavonifractor	-0.2915040843797914	0.04680643094779787	47	0.6102680891869473
animal_protein	Peptostreptococcus	-0.2882167390032083	0.04945836583526032	47	0.6102680891869473
animal_protein	Fannyhessea_vaginae	0.2829221184749365	0.053984485051981945	47	0.6102680891869473
animal_protein	Lactobacillus_iners	0.2783144605748703	0.058189905155638544	47	0.6102680891869473
animal_protein	Nosocomiicoccus	0.27789470009169626	0.05858573656194694	47	0.6102680891869473
animal_protein	Intestinibacter	-0.24252970825904083	0.10047526751007967	47	0.7981390196033551
animal_protein	Anaeroglobus	-0.2294135235228893	0.1208540821601105	47	0.7981390196033551
animal_protein	Bilophila	-0.20500804665677216	0.16686379593421058	47	0.7981390196033551
animal_protein	Propionibacterium	0.2035473046934327	0.1699733955077616	47	0.7981390196033551
animal_protein	Clostridium_XVIII	-0.2034364273469252	0.17021113107170727	47	0.7981390196033551
animal_protein	f_Veillonellaceae	-0.20147491557565844	0.17445675007537775	47	0.7981390196033551
animal_protein	Peptococcus	0.20087439315819344	0.1757717027250812	47	0.7981390196033551
animal_protein	Lactobacillus_gasseri	0.19929412653883932	0.17926607516093268	47	0.7981390196033551
animal_protein	"f_""Porphyromonadaceae"""	0.1978978969491565	0.18239478099281356	47	0.7981390196033551
animal_protein	Clostridium_XlVa	-0.19591155157093346	0.18691296222013024	47	0.7981390196033551
animal_protein	f_Clostridiales_Incertae_Sedis_XIII	0.19572831373977656	0.18733374641610936	47	0.7981390196033551
animal_protein	Alistipes	-0.19469406389817945	0.18972145456391246	47	0.7981390196033551
animal_protein	Granulicatella	0.1886231072366381	0.20417456147618424	47	0.7981390196033551
animal_protein	Escherichia/Shigella	-0.18650419034802473	0.20939664358887702	47	0.7981390196033551
animal_protein	Anaerococcus	0.18616021255297305	0.21025311594520793	47	0.7981390196033551
animal_protein	Actinomyces	-0.18383420370591788	0.21610896958646672	47	0.7981390196033551
animal_protein	Parabacteroides	-0.18374264801630025	0.2163417632398935	47	0.7981390196033551
animal_protein	Lachnospiracea_incertae_sedis	-0.1776662157585035	0.23218348977475553	47	0.7981390196033551
animal_protein	Slackia	0.17490245062787482	0.23964564144960193	47	0.7981390196033551
animal_protein	Oscillibacter	-0.17154939421112708	0.24891607050181858	47	0.7981390196033551
animal_protein	Gemmiger	-0.17078966702799203	0.25104975018790016	47	0.7981390196033551
animal_protein	Intestinimonas	-0.17061800212258144	0.2515335707295167	47	0.7981390196033551
animal_protein	Veillonella	-0.17038686402891717	0.25218600266061414	47	0.7981390196033551
animal_protein	Haemophilus	0.1693306483718297	0.25518187378009705	47	0.7981390196033551
animal_protein	Fusicatenibacter	-0.16872281302859177	0.2569167437548704	47	0.7981390196033551
animal_protein	Streptococcus	-0.16805045450197673	0.2588449684454445	47	0.7981390196033551
animal_protein	Eisenbergiella	-0.16802460849031817	0.25891928383475876	47	0.7981390196033551
animal_protein	Gemella	0.16447937575364147	0.26924844735682324	47	0.7981390196033551
animal_protein	Alloscardovia	-0.1641026227132173	0.27036196698036485	47	0.7981390196033551
animal_protein	Lactobacillus_jensenii	-0.1636857129451645	0.2715977233904533	47	0.7981390196033551
animal_protein	Blautia	-0.1626914651659847	0.27455982274355417	47	0.7981390196033551
animal_protein	f_Peptoniphilaceae	-0.15582805371366062	0.2955875397329541	47	0.8316423925418651
animal_protein	Limosilactobacillus_vaginalis	-0.15082433292995528	0.31155716016285007	47	0.8316423925418651
animal_protein	Asaccharobacter	-0.1492599476385848	0.31666064792156456	47	0.8316423925418651
animal_protein	Bacteroides	-0.146774700791136	0.32487656077979954	47	0.8316423925418651
animal_protein	Anaerostipes	-0.1466375013654048	0.3253339937664742	47	0.8316423925418651
animal_protein	Unclassified	0.14593517294200922	0.3276819443603399	47	0.8316423925418651
animal_protein	Fusobacterium	-0.14445737700149797	0.332656957016746	47	0.8316423925418651
animal_protein	Roseburia	-0.1387211465058952	0.3524113646298421	47	0.846929424281576
animal_protein	f_Peptostreptococcaceae	-0.1373533594464499	0.3572255069522201	47	0.846929424281576
animal_protein	f_Ruminococcaceae	0.13476822347149064	0.36643293230638485	47	0.846929424281576
animal_protein	Jonquetella	-0.13340890813268483	0.3713312079017186	47	0.846929424281576
animal_protein	f_Enterobacteriaceae	0.13076937788854182	0.3809541409253483	47	0.846929424281576
animal_protein	f_Neisseriaceae	0.12886701371604822	0.38798042448589964	47	0.846929424281576
animal_protein	Romboutsia	-0.12849339680626554	0.3893692662649182	47	0.846929424281576
animal_protein	Rhizobium(0.01)	-0.1275269782434823	0.39297525286665125	47	0.846929424281576
animal_protein	Staphylococcus	0.11279175078752199	0.4503372799591746	47	0.8524702489917693
animal_protein	Lactobacillus	0.11221333155271418	0.452678494235221	47	0.8524702489917693
animal_protein	Porphyromonas	0.11149159783629031	0.45560908073705797	47	0.8524702489917693
animal_protein	Megasphaera	-0.11055374497514622	0.45943257709273255	47	0.8524702489917693
animal_protein	Dorea	-0.10874510805707958	0.4668549170199383	47	0.8524702489917693
animal_protein	Sneathia	-0.104759453303265	0.48343578254473185	47	0.8524702489917693
animal_protein	Clostridium_XlVb	0.10414522849562369	0.4860182100895535	47	0.8524702489917693
animal_protein	"f_""Prevotellaceae"""	0.10373772158968993	0.487735488979278	47	0.8524702489917693
animal_protein	Phascolarctobacterium	0.10245210047804518	0.4931739056179587	47	0.8524702489917693
animal_protein	Acidaminococcus	-0.09954646627937642	0.5055799397380751	47	0.8524702489917693
animal_protein	Olsenella	-0.09913247394724455	0.5073603678817213	47	0.8524702489917693
animal_protein	Turicibacter	-0.0987979751606315	0.5088012437723267	47	0.8524702489917693
animal_protein	Ezakiella	0.09531752262039858	0.5239155135816631	47	0.8524702489917693
animal_protein	Sutterella	0.0952015445439734	0.5244229625845455	47	0.8524702489917693
animal_protein	Murdochiella	0.09444741462529706	0.5277284964073066	47	0.8524702489917693
animal_protein	Ruminococcus	-0.09248363407476162	0.5363840991797684	47	0.8524702489917693
animal_protein	Parvimonas	-0.09088072405203662	0.5434999002577876	47	0.8524702489917693
animal_protein	Gardnerella	0.08979185746187116	0.5483594558905891	47	0.8524702489917693
animal_protein	Actinobaculum	0.08847928304791902	0.5542448292279528	47	0.8524702489917693
animal_protein	Trueperella	-0.08830778472247063	0.5550160001806929	47	0.8524702489917693
animal_protein	Ureaplasma	0.08750213822046493	0.5586454896401285	47	0.8524702489917693
animal_protein	Mobiluncus	0.08689756891365907	0.5613764099271148	47	0.8524702489917693
animal_protein	Actinotignum	0.08582411701933933	0.5662406511057975	47	0.8524702489917693
animal_protein	Paracoccus	0.08574968832314671	0.5665786404313466	47	0.8524702489917693
animal_protein	f_Coriobacteriaceae	-0.08518462907461076	0.5691476839079661	47	0.8524702489917693
animal_protein	f_Lactobacillaceae	-0.08437017974138877	0.572860007322469	47	0.8524702489917693
animal_protein	Brevibacterium	0.07994216076070108	0.5932348806320686	47	0.8569210417550798
animal_protein	Dermabacter	0.07554468192715623	0.6137805230147666	47	0.8569210417550798
animal_protein	f_Microbacteriaceae	0.07440423916513043	0.6191579148459221	47	0.8569210417550798
animal_protein	Corynebacterium	0.07230240435097564	0.629120052463431	47	0.8569210417550798
animal_protein	f_Bifidobacteriaceae	0.07218015081961987	0.6297015366231704	47	0.8569210417550798
animal_protein	Prauserella	0.07154045944417768	0.632747761855481	47	0.8569210417550798
animal_protein	Megamonas	0.06968039206686225	0.6416395577455392	47	0.8569210417550798
animal_protein	Peptoniphilus	0.06930263851196332	0.6434514917789258	47	0.8569210417550798
animal_protein	Facklamia	-0.06826516642795197	0.6484383573076699	47	0.8569210417550798
animal_protein	Moraxella	0.06813259795067023	0.6490766854198355	47	0.8569210417550798
animal_protein	Clostridium_IV	-0.06767955722733143	0.6512599917338606	47	0.8569210417550798
animal_protein	Coprococcus	-0.06311749260513008	0.6734042276026547	47	0.8768284213576233
animal_protein	Enhydrobacter	-0.059436937604679344	0.6914722836086643	47	0.8883839866921472
animal_protein	Parasutterella	-0.057545762317257734	0.7008233932756853	47	0.8883839866921472
animal_protein	Atopobium	0.055838055545830594	0.709305170061277	47	0.8883839866921472
animal_protein	Erysipelotrichaceae_incertae_sedis	-0.05424971395918005	0.7172254856907005	47	0.8883839866921472
animal_protein	Paraprevotella	0.05324926344688304	0.7222294480029701	47	0.8883839866921472
animal_protein	Propionimicrobium	0.05271202236391285	0.7249213331407922	47	0.8883839866921472
animal_protein	Campylobacter	0.05111497019623824	0.732942783887768	47	0.8894936697667087
animal_protein	f_Erysipelotrichaceae	0.04911500386249771	0.7430277243756216	47	0.8915598644812904
animal_protein	Finegoldia	0.04795234081192299	0.748910286164284	47	0.8915598644812904
animal_protein	Aerococcus	-0.03819058899523937	0.7988279972325917	47	0.942014147679943
animal_protein	Negativicoccus	0.035820370487672455	0.8110776186619006	47	0.9475205825489493
animal_protein	Bifidobacterium	-0.03312338848596122	0.8250704043127144	47	0.954074876251395
animal_protein	Prevotella	-0.03077190329177523	0.8373147859772924	47	0.954074876251395
animal_protein	Collinsella	0.02981613282362936	0.8423026388193431	47	0.954074876251395
animal_protein	Barnesiella	-0.02876160335489083	0.8478129776119313	47	0.954074876251395
animal_protein	Eubacterium	-0.026796777600983347	0.858098980815166	47	0.954074876251395
animal_protein	f_Dermabacteraceae	0.024430669438158657	0.8705165399071431	47	0.954074876251395
animal_protein	f_Lachnospiraceae	-0.02362964317494704	0.8747275535939345	47	0.954074876251395
animal_protein	Helcococcus	0.023055323037310775	0.8777488861512834	47	0.954074876251395
animal_protein	Arthrobacter	0.020935293332730476	0.8889163319218307	47	0.9578839783640418
animal_protein	f_Clostridiales_Incertae_Sedis_XI	0.019478506714207578	0.8966025853953599	47	0.9579087450805126
animal_protein	Fastidiosipila	-0.017875940147767704	0.9050688158644253	47	0.9587593388394337
animal_protein	Faecalibacterium	-0.011257944646407888	0.9401314786744703	47	0.9875330658345277
animal_protein	Enterococcus	-0.009444063376217582	0.9497639913907231	47	0.9884922572499268
animal_protein	Ruminococcus2	-0.008108600311484382	0.9568605050179292	47	0.9884922572499268
animal_protein	Clostridium_sensu_stricto	-0.004608285398744862	0.9754751113425052	47	0.9968459422706294
animal_protein	Varibaculum	-0.002121373169952235	0.9887088848887076	47	0.9968459422706294
animal_protein	Dialister	0.000665201350225711	0.9964593294836591	47	0.9968459422706294
animal_protein	Howardella	-0.0005925663167200438	0.9968459422706294	47	0.9968459422706294
HEI2015	Micrococcus	-0.38844896966033493	0.006971020987388029	47	0.28684890697744275
HEI2015	Sutterella	-0.3879921929909536	0.007043545650624824	47	0.28684890697744275
HEI2015	Peptococcus	-0.38613655493023935	0.007344945842320324	47	0.28684890697744275
HEI2015	Nosocomiicoccus	-0.37608616079736074	0.009179165023278169	47	0.28684890697744275
HEI2015	Atopobium	-0.35882648161351105	0.013254815548039494	47	0.2888676922238693
HEI2015	Slackia	-0.35664675985680966	0.013865649226745727	47	0.2888676922238693
HEI2015	Lactobacillus_iners	-0.34160052250023504	0.01877282991801469	47	0.33522910567883374
HEI2015	"f_""Porphyromonadaceae"""	-0.31580084459393354	0.030587633723978692	47	0.4571076722154499
HEI2015	Moraxella	-0.31174727866834445	0.0329117523995124	47	0.4571076722154499
HEI2015	Fannyhessea_vaginae	-0.2975998320323055	0.042195171704052806	47	0.5274396463006601
HEI2015	Anaerococcus	-0.2814219519900579	0.055325895119518756	47	0.6287033536308949
HEI2015	Acidaminococcus	-0.27538407614533467	0.06099855558511882	47	0.635401620678321
HEI2015	Ureaplasma	-0.25559477600913705	0.08291504092354764	47	0.6765198621281953
HEI2015	Gemella	-0.24743558121814896	0.09357338941587227	47	0.6765198621281953
HEI2015	Clostridium_XlVb	-0.24686367195285894	0.09435852891068694	47	0.6765198621281953
HEI2015	Flavonifractor	0.24678011239658304	0.0944736686421006	47	0.6765198621281953
HEI2015	Gardnerella_vaginalis	-0.2458582943789508	0.09575110701563014	47	0.6765198621281953
HEI2015	Actinobaculum	-0.2446690264345614	0.09741886014646012	47	0.6765198621281953
HEI2015	Porphyromonas	-0.23748896956696186	0.10796857577519457	47	0.7103195774683853
HEI2015	Dialister	-0.23154403427011022	0.11734689435005317	47	0.7334180896878324
HEI2015	Paracoccus	-0.22470111542246435	0.12889230499286083	47	0.7523001350981064
HEI2015	Prevotella	-0.22271108277339116	0.13240482377726673	47	0.7523001350981064
HEI2015	Campylobacter	-0.2167255476784204	0.14340131103939896	47	0.7621567569172548
HEI2015	f_Coriobacteriaceae	-0.21518706488849493	0.14633409732811292	47	0.7621567569172548
HEI2015	Lactobacillus_crispatus	0.20806817634364375	0.16048376335677955	47	0.7927421399747963
HEI2015	Mobiluncus	-0.20189030463258026	0.17355134214188062	47	0.7927421399747963
HEI2015	Collinsella	-0.20158900069329658	0.1742077443281995	47	0.7927421399747963
HEI2015	Intestinimonas	0.19523741026645192	0.1884643778894584	47	0.7927421399747963
HEI2015	Trueperella	-0.19244272032446105	0.19499372018649458	47	0.7927421399747963
HEI2015	Eisenbergiella	0.19154982014599428	0.197113226325815	47	0.7927421399747963
HEI2015	Bifidobacterium	-0.19082287040734996	0.19885080421948503	47	0.7927421399747963
HEI2015	Gardnerella	-0.1867721435847863	0.20873115900223907	47	0.7927421399747963
HEI2015	Faecalibacterium	-0.18535701976110977	0.21226251974543794	47	0.7927421399747963
HEI2015	Helcococcus	-0.18402442478856942	0.21562586207314458	47	0.7927421399747963
HEI2015	Facklamia	-0.17948212139578146	0.22736821170853466	47	0.812029327530481
HEI2015	Paraprevotella	-0.17655750867257092	0.23515761661728668	47	0.8165195021433566
HEI2015	Haemophilus	-0.1641188548431191	0.270313929007852	47	0.9132227331346351
HEI2015	Actinotignum	-0.16162525049901144	0.2777599292204405	47	0.9136839776988176
HEI2015	Murdochiella	-0.15895386491277658	0.2858851181903482	47	0.9162984557382955
HEI2015	Ezakiella	-0.14844686189850087	0.31933398170881877	47	0.9163027942582431
HEI2015	Akkermansia	0.14814693198854195	0.32032370909535396	47	0.9163027942582431
HEI2015	f_Dermabacteraceae	-0.1471870328203669	0.3235042509833862	47	0.9163027942582431
HEI2015	Clostridium_XVIII	0.14695258554445462	0.32428408233641515	47	0.9163027942582431
HEI2015	Rothia	-0.14693243323563207	0.32435116920319373	47	0.9163027942582431
HEI2015	f_Clostridiales_Incertae_Sedis_XI	-0.14307607330019706	0.33734950002156194	47	0.9163027942582431
HEI2015	Veillonella	0.13970997690325793	0.3489558541003416	47	0.9163027942582431
HEI2015	Eggerthella	0.13444201131948175	0.3676048677542777	47	0.9163027942582431
HEI2015	Enterococcus	0.13216872723208897	0.37583424650998554	47	0.9163027942582431
HEI2015	Lachnospiracea_incertae_sedis	0.131263171403548	0.37914276002249103	47	0.9163027942582431
HEI2015	Prauserella	-0.12754273336989275	0.392916309628772	47	0.9163027942582431
HEI2015	Dorea	-0.1262993879271173	0.39758382585594876	47	0.9163027942582431
HEI2015	Peptoniphilus	-0.12346613306181398	0.40833974298524844	47	0.9163027942582431
HEI2015	f_Bifidobacteriaceae	0.1232831013920278	0.4090402958919106	47	0.9163027942582431
HEI2015	Propionibacterium	-0.12278911163515792	0.41093448544168953	47	0.9163027942582431
HEI2015	Howardella	-0.12190572760843507	0.41433431329994785	47	0.9163027942582431
HEI2015	Lactobacillus_jensenii	0.1211129046009709	0.41739924505032755	47	0.9163027942582431
HEI2015	f_Microbacteriaceae	-0.12100069405757523	0.4178340741817589	47	0.9163027942582431
HEI2015	f_Staphylococcaceae	-0.1169956395930747	0.4335221621233484	47	0.9220785057107953
HEI2015	f_Peptostreptococcaceae	-0.11202566491836276	0.4534395198249649	47	0.9220785057107953
HEI2015	Lactobacillus_gasseri	-0.1072772838999336	0.4729255404590702	47	0.9220785057107953
HEI2015	Bacteroides	0.10656372049314372	0.47589178515442065	47	0.9220785057107953
HEI2015	Clostridium_XlVa	0.10227138887303934	0.49394085686293765	47	0.9220785057107953
HEI2015	"f_""Prevotellaceae"""	0.10180464108824899	0.4959246129457464	47	0.9220785057107953
HEI2015	Phascolarctobacterium	-0.10161755270914416	0.4967209214896541	47	0.9220785057107953
HEI2015	Negativicoccus	0.09649283775932406	0.5187868161069982	47	0.9220785057107953
HEI2015	Parabacteroides	-0.09589913821298535	0.5213743943298883	47	0.9220785057107953
HEI2015	Parvimonas	0.09489706128639662	0.5257563515869867	47	0.9220785057107953
HEI2015	Actinomyces	0.09379797808170574	0.5305833346620672	47	0.9220785057107953
HEI2015	Megasphaera	0.09308834786531857	0.5337114122238735	47	0.9220785057107953
HEI2015	Varibaculum	-0.08987879809252153	0.5479706839064307	47	0.9220785057107953
HEI2015	Unclassified	-0.08808894698053571	0.5560007759059271	47	0.9220785057107953
HEI2015	Ruminococcus2	-0.08670725962445965	0.5622373516285802	47	0.9220785057107953
HEI2015	f_Lactobacillaceae	0.08541252503067176	0.5681109077334641	47	0.9220785057107953
HEI2015	f_Ruminococcaceae	-0.08329073351604102	0.5777972441350387	47	0.9220785057107953
HEI2015	Megamonas	-0.08324393253403459	0.5780117421846538	47	0.9220785057107953
HEI2015	Brevibacterium	-0.08250907120467177	0.5813844910062272	47	0.9220785057107953
HEI2015	Enhydrobacter	-0.08212692326785379	0.58314191982038	47	0.9220785057107953
HEI2015	Aerococcus	0.08161379041451985	0.5855054813000459	47	0.9220785057107953
HEI2015	Asaccharobacter	-0.08107268937322487	0.5880025134581817	47	0.9220785057107953
HEI2015	Clostridium_IV	-0.07818164087465873	0.6014237526092798	47	0.9220785057107953
HEI2015	f_Veillonellaceae	0.07746905395692653	0.6047522264470573	47	0.9220785057107953
HEI2015	Fastidiosipila	-0.07744098484945751	0.6048834997462817	47	0.9220785057107953
HEI2015	Rhizobium(0.01)	0.07379849166460999	0.6220221752095154	47	0.9367803843516799
HEI2015	Olsenella	-0.06921808050616592	0.6438573642229964	47	0.9452603238054395
HEI2015	f_Erysipelotrichaceae	-0.06817403333936196	0.6488771438358918	47	0.9452603238054395
HEI2015	Barnesiella	-0.06671517467033677	0.655917187090445	47	0.9452603238054395
HEI2015	Jonquetella	0.06455533007361253	0.6663942918125305	47	0.9452603238054395
HEI2015	Fusobacterium	0.061621412535568895	0.6807273209627475	47	0.9452603238054395
HEI2015	Coprococcus	0.05361376072384374	0.7204049959823728	47	0.9452603238054395
HEI2015	Anaeroglobus	0.05281848883503939	0.7243876129582001	47	0.9452603238054395
HEI2015	Romboutsia	0.05031669686271197	0.7369628898187652	47	0.9452603238054395
HEI2015	Ruminococcus	-0.050049737235313786	0.7383088584258921	47	0.9452603238054395
HEI2015	Finegoldia	-0.04937059398385302	0.7417364794317785	47	0.9452603238054395
HEI2015	Alloscardovia	0.04804022445804512	0.7484651353851335	47	0.9452603238054395
HEI2015	Dermabacter	-0.04680725013467211	0.7547177738331772	47	0.9452603238054395
HEI2015	Clostridium_sensu_stricto	-0.045512037053783115	0.7613027984360707	47	0.9452603238054395
HEI2015	Eubacterium	-0.044864693297796236	0.7646002788020674	47	0.9452603238054395
HEI2015	Peptostreptococcus	-0.04365246895229636	0.7707862459740291	47	0.9452603238054395
HEI2015	Sneathia	-0.0423389976793285	0.7775048002725353	47	0.9452603238054395
HEI2015	Bilophila	-0.04213901478081556	0.7785291604194593	47	0.9452603238054395
HEI2015	Arthrobacter	0.041188944261034276	0.783400700952077	47	0.9452603238054395
HEI2015	Erysipelotrichaceae_incertae_sedis	-0.0411445612948234	0.7836284794258193	47	0.9452603238054395
HEI2015	Escherichia/Shigella	0.039213484246874646	0.793556089721609	47	0.9452603238054395
HEI2015	Lactobacillus	0.038835534444112654	0.7955029599883174	47	0.9452603238054395
HEI2015	Corynebacterium	0.035883802317958034	0.8107491973403781	47	0.9452603238054395
HEI2015	Alistipes	-0.0357572125227495	0.8114046539551487	47	0.9452603238054395
HEI2015	Turicibacter	-0.03517964042490447	0.8143968213318743	47	0.9452603238054395
HEI2015	Gemmiger	-0.03473445815870096	0.8167049197678997	47	0.9452603238054395
HEI2015	Streptococcus	0.027557467423836156	0.8541138564867886	47	0.9512186810103762
HEI2015	Staphylococcus	0.02673922043693002	0.8584006565073508	47	0.9512186810103762
HEI2015	Blautia	0.026608193700404112	0.8590874844094599	47	0.9512186810103762
HEI2015	Parasutterella	-0.026546622333453725	0.8594102704371984	47	0.9512186810103762
HEI2015	Propionimicrobium	-0.024891976344314025	0.8680930397572686	47	0.9512186810103762
HEI2015	Anaerostipes	-0.023574954679834854	0.8750151786773613	47	0.9512186810103762
HEI2015	Granulicatella	-0.02355479931061447	0.8751211865295461	47	0.9512186810103762
HEI2015	Oscillibacter	-0.019779029851968444	0.895016183006605	47	0.9575729304434774
HEI2015	f_Lachnospiraceae	0.01786101929124766	0.9051476920319211	47	0.9575729304434774
HEI2015	f_Neisseriaceae	-0.01592854758714828	0.9153706946285617	47	0.9575729304434774
HEI2015	f_Enterobacteriaceae	0.015869546993168226	0.9156830360372417	47	0.9575729304434774
HEI2015	Fusicatenibacter	-0.014814269858274602	0.9212716152937004	47	0.9575729304434774
HEI2015	Intestinibacter	0.013746421178786052	0.926930596669286	47	0.9575729304434774
HEI2015	f_Peptoniphilaceae	0.007671344104602663	0.959184784357844	47	0.9801331355648678
HEI2015	f_Clostridiales_Incertae_Sedis_XIII	0.006680861329032325	0.96445100539583	47	0.9801331355648678
HEI2015	Roseburia	-0.0006616087268323992	0.9964784518376593	47	0.9995317037597203
HEI2015	Limosilactobacillus_vaginalis	-8.798060122263344e-05	0.9995317037597203	47	0.9995317037597203
