run_accession	sample_alias	read_count	fastq_bytes	fastq_ftp	sample_num
SRR31582059	StressDiet_1	283759	31634831;49876064	ftp.sra.ebi.ac.uk/vol1/fastq/SRR315/059/SRR31582059/SRR31582059_1.fastq.gz;ftp.sra.ebi.ac.uk/vol1/fastq/SRR315/059/SRR31582059/SRR31582059_2.fastq.gz	1
SRR31582058	StressDiet_2	416059	61739237;81133321	ftp.sra.ebi.ac.uk/vol1/fastq/SRR315/058/SRR31582058/SRR31582058_1.fastq.gz;ftp.sra.ebi.ac.uk/vol1/fastq/SRR315/058/SRR31582058/SRR31582058_2.fastq.gz	2
SRR31582018	StressDiet_3	158459	19578590;29544216	ftp.sra.ebi.ac.uk/vol1/fastq/SRR315/018/SRR31582018/SRR31582018_1.fastq.gz;ftp.sra.ebi.ac.uk/vol1/fastq/SRR315/018/SRR31582018/SRR31582018_2.fastq.gz	3
SRR31581991	StressDiet_4	65611	8173190;12000146	ftp.sra.ebi.ac.uk/vol1/fastq/SRR315/091/SRR31581991/SRR31581991_1.fastq.gz;ftp.sra.ebi.ac.uk/vol1/fastq/SRR315/091/SRR31581991/SRR31581991_2.fastq.gz	4
SRR31581980	StressDiet_5	80614	8944632;14290883	ftp.sra.ebi.ac.uk/vol1/fastq/SRR315/080/SRR31581980/SRR31581980_1.fastq.gz;ftp.sra.ebi.ac.uk/vol1/fastq/SRR315/080/SRR31581980/SRR31581980_2.fastq.gz	5
SRR31581953	StressDiet_6	63746	7918810;11646193	ftp.sra.ebi.ac.uk/vol1/fastq/SRR315/053/SRR31581953/SRR31581953_1.fastq.gz;ftp.sra.ebi.ac.uk/vol1/fastq/SRR315/053/SRR31581953/SRR31581953_2.fastq.gz	6
SRR31582038	StressDiet_7	261618	30988152;47652249	ftp.sra.ebi.ac.uk/vol1/fastq/SRR315/038/SRR31582038/SRR31582038_1.fastq.gz;ftp.sra.ebi.ac.uk/vol1/fastq/SRR315/038/SRR31582038/SRR31582038_2.fastq.gz	7
SRR31582011	StressDiet_8	119841	13765472;21634173	ftp.sra.ebi.ac.uk/vol1/fastq/SRR315/011/SRR31582011/SRR31582011_1.fastq.gz;ftp.sra.ebi.ac.uk/vol1/fastq/SRR315/011/SRR31582011/SRR31582011_2.fastq.gz	8
SRR31582000	StressDiet_9	53785	7245333;10290800	ftp.sra.ebi.ac.uk/vol1/fastq/SRR315/000/SRR31582000/SRR31582000_1.fastq.gz;ftp.sra.ebi.ac.uk/vol1/fastq/SRR315/000/SRR31582000/SRR31582000_2.fastq.gz	9
SRR31581973	StressDiet_10	72716	7972169;12554490	ftp.sra.ebi.ac.uk/vol1/fastq/SRR315/073/SRR31581973/SRR31581973_1.fastq.gz;ftp.sra.ebi.ac.uk/vol1/fastq/SRR315/073/SRR31581973/SRR31581973_2.fastq.gz	10
SRR31582057	StressDiet_11	100127	11454146;17583313	ftp.sra.ebi.ac.uk/vol1/fastq/SRR315/057/SRR31582057/SRR31582057_1.fastq.gz;ftp.sra.ebi.ac.uk/vol1/fastq/SRR315/057/SRR31582057/SRR31582057_2.fastq.gz	11
SRR31582046	StressDiet_12	92269	10044136;16101365	ftp.sra.ebi.ac.uk/vol1/fastq/SRR315/046/SRR31582046/SRR31582046_1.fastq.gz;ftp.sra.ebi.ac.uk/vol1/fastq/SRR315/046/SRR31582046/SRR31582046_2.fastq.gz	12
SRR31582026	StressDiet_15	70719	9773595;13359318	ftp.sra.ebi.ac.uk/vol1/fastq/SRR315/026/SRR31582026/SRR31582026_1.fastq.gz;ftp.sra.ebi.ac.uk/vol1/fastq/SRR315/026/SRR31582026/SRR31582026_2.fastq.gz	15
SRR31582025	StressDiet_16	62264	7044189;11024202	ftp.sra.ebi.ac.uk/vol1/fastq/SRR315/025/SRR31582025/SRR31582025_1.fastq.gz;ftp.sra.ebi.ac.uk/vol1/fastq/SRR315/025/SRR31582025/SRR31582025_2.fastq.gz	16
SRR31582024	StressDiet_17	89033	9986726;16218386	ftp.sra.ebi.ac.uk/vol1/fastq/SRR315/024/SRR31582024/SRR31582024_1.fastq.gz;ftp.sra.ebi.ac.uk/vol1/fastq/SRR315/024/SRR31582024/SRR31582024_2.fastq.gz	17
SRR31582023	StressDiet_18	78153	10231348;16206428	ftp.sra.ebi.ac.uk/vol1/fastq/SRR315/023/SRR31582023/SRR31582023_1.fastq.gz;ftp.sra.ebi.ac.uk/vol1/fastq/SRR315/023/SRR31582023/SRR31582023_2.fastq.gz	18
SRR31582022	StressDiet_19	156397	21304217;29857549	ftp.sra.ebi.ac.uk/vol1/fastq/SRR315/022/SRR31582022/SRR31582022_1.fastq.gz;ftp.sra.ebi.ac.uk/vol1/fastq/SRR315/022/SRR31582022/SRR31582022_2.fastq.gz	19
SRR31582021	StressDiet_21	162885	19028320;29658574	ftp.sra.ebi.ac.uk/vol1/fastq/SRR315/021/SRR31582021/SRR31582021_1.fastq.gz;ftp.sra.ebi.ac.uk/vol1/fastq/SRR315/021/SRR31582021/SRR31582021_2.fastq.gz	21
SRR31582020	StressDiet_22	63623	8164254;12076361	ftp.sra.ebi.ac.uk/vol1/fastq/SRR315/020/SRR31582020/SRR31582020_1.fastq.gz;ftp.sra.ebi.ac.uk/vol1/fastq/SRR315/020/SRR31582020/SRR31582020_2.fastq.gz	22
SRR31582019	StressDiet_23	117494	13044543;21005224	ftp.sra.ebi.ac.uk/vol1/fastq/SRR315/019/SRR31582019/SRR31582019_1.fastq.gz;ftp.sra.ebi.ac.uk/vol1/fastq/SRR315/019/SRR31582019/SRR31582019_2.fastq.gz	23
SRR31582017	StressDiet_24	186659	24722894;35578536	ftp.sra.ebi.ac.uk/vol1/fastq/SRR315/017/SRR31582017/SRR31582017_1.fastq.gz;ftp.sra.ebi.ac.uk/vol1/fastq/SRR315/017/SRR31582017/SRR31582017_2.fastq.gz	24
SRR31582016	StressDiet_25	152539	18603069;28371173	ftp.sra.ebi.ac.uk/vol1/fastq/SRR315/016/SRR31582016/SRR31582016_1.fastq.gz;ftp.sra.ebi.ac.uk/vol1/fastq/SRR315/016/SRR31582016/SRR31582016_2.fastq.gz	25
SRR31582015	StressDiet_26	129842	16886641;24364813	ftp.sra.ebi.ac.uk/vol1/fastq/SRR315/015/SRR31582015/SRR31582015_1.fastq.gz;ftp.sra.ebi.ac.uk/vol1/fastq/SRR315/015/SRR31582015/SRR31582015_2.fastq.gz	26
SRR31582014	StressDiet_27	121981	13251572;21302344	ftp.sra.ebi.ac.uk/vol1/fastq/SRR315/014/SRR31582014/SRR31582014_1.fastq.gz;ftp.sra.ebi.ac.uk/vol1/fastq/SRR315/014/SRR31582014/SRR31582014_2.fastq.gz	27
SRR31582013	StressDiet_28	47103	6064556;8766061	ftp.sra.ebi.ac.uk/vol1/fastq/SRR315/013/SRR31582013/SRR31582013_1.fastq.gz;ftp.sra.ebi.ac.uk/vol1/fastq/SRR315/013/SRR31582013/SRR31582013_2.fastq.gz	28
SRR31582012	StressDiet_29	73181	8166466;13061265	ftp.sra.ebi.ac.uk/vol1/fastq/SRR315/012/SRR31582012/SRR31582012_1.fastq.gz;ftp.sra.ebi.ac.uk/vol1/fastq/SRR315/012/SRR31582012/SRR31582012_2.fastq.gz	29
SRR31581995	StressDiet_30	64204	9666772;12574370	ftp.sra.ebi.ac.uk/vol1/fastq/SRR315/095/SRR31581995/SRR31581995_1.fastq.gz;ftp.sra.ebi.ac.uk/vol1/fastq/SRR315/095/SRR31581995/SRR31581995_2.fastq.gz	30
SRR31581994	StressDiet_31	42447	4938581;7697822	ftp.sra.ebi.ac.uk/vol1/fastq/SRR315/094/SRR31581994/SRR31581994_1.fastq.gz;ftp.sra.ebi.ac.uk/vol1/fastq/SRR315/094/SRR31581994/SRR31581994_2.fastq.gz	31
SRR31581993	StressDiet_33	136052	16160018;25230941	ftp.sra.ebi.ac.uk/vol1/fastq/SRR315/093/SRR31581993/SRR31581993_1.fastq.gz;ftp.sra.ebi.ac.uk/vol1/fastq/SRR315/093/SRR31581993/SRR31581993_2.fastq.gz	33
SRR31581992	StressDiet_34	79544	11341114;15567529	ftp.sra.ebi.ac.uk/vol1/fastq/SRR315/092/SRR31581992/SRR31581992_1.fastq.gz;ftp.sra.ebi.ac.uk/vol1/fastq/SRR315/092/SRR31581992/SRR31581992_2.fastq.gz	34
SRR31581990	StressDiet_36	103775	11897675;18519599	ftp.sra.ebi.ac.uk/vol1/fastq/SRR315/090/SRR31581990/SRR31581990_1.fastq.gz;ftp.sra.ebi.ac.uk/vol1/fastq/SRR315/090/SRR31581990/SRR31581990_2.fastq.gz	36
SRR31581989	StressDiet_37	65899	8669579;12240858	ftp.sra.ebi.ac.uk/vol1/fastq/SRR315/089/SRR31581989/SRR31581989_1.fastq.gz;ftp.sra.ebi.ac.uk/vol1/fastq/SRR315/089/SRR31581989/SRR31581989_2.fastq.gz	37
SRR31581988	StressDiet_39	50165	5960158;9249476	ftp.sra.ebi.ac.uk/vol1/fastq/SRR315/088/SRR31581988/SRR31581988_1.fastq.gz;ftp.sra.ebi.ac.uk/vol1/fastq/SRR315/088/SRR31581988/SRR31581988_2.fastq.gz	39
SRR31581987	StressDiet_40	172857	25773161;35182671	ftp.sra.ebi.ac.uk/vol1/fastq/SRR315/087/SRR31581987/SRR31581987_1.fastq.gz;ftp.sra.ebi.ac.uk/vol1/fastq/SRR315/087/SRR31581987/SRR31581987_2.fastq.gz	40
SRR31581986	StressDiet_41	48722	7122081;9482051	ftp.sra.ebi.ac.uk/vol1/fastq/SRR315/086/SRR31581986/SRR31581986_1.fastq.gz;ftp.sra.ebi.ac.uk/vol1/fastq/SRR315/086/SRR31581986/SRR31581986_2.fastq.gz	41
SRR31581985	StressDiet_42	53029	6051152;9398079	ftp.sra.ebi.ac.uk/vol1/fastq/SRR315/085/SRR31581985/SRR31581985_1.fastq.gz;ftp.sra.ebi.ac.uk/vol1/fastq/SRR315/085/SRR31581985/SRR31581985_2.fastq.gz	42
SRR31581984	StressDiet_43	43280	5260961;7882956	ftp.sra.ebi.ac.uk/vol1/fastq/SRR315/084/SRR31581984/SRR31581984_1.fastq.gz;ftp.sra.ebi.ac.uk/vol1/fastq/SRR315/084/SRR31581984/SRR31581984_2.fastq.gz	43
SRR31581983	StressDiet_44	108851	12194878;19798424	ftp.sra.ebi.ac.uk/vol1/fastq/SRR315/083/SRR31581983/SRR31581983_1.fastq.gz;ftp.sra.ebi.ac.uk/vol1/fastq/SRR315/083/SRR31581983/SRR31581983_2.fastq.gz	44
SRR31581982	StressDiet_45	119390	14088180;21927121	ftp.sra.ebi.ac.uk/vol1/fastq/SRR315/082/SRR31581982/SRR31581982_1.fastq.gz;ftp.sra.ebi.ac.uk/vol1/fastq/SRR315/082/SRR31581982/SRR31581982_2.fastq.gz	45
SRR31581981	StressDiet_46	52978	6425703;9889131	ftp.sra.ebi.ac.uk/vol1/fastq/SRR315/081/SRR31581981/SRR31581981_1.fastq.gz;ftp.sra.ebi.ac.uk/vol1/fastq/SRR315/081/SRR31581981/SRR31581981_2.fastq.gz	46
SRR31581963	StressDiet_47	67321	7597773;12313247	ftp.sra.ebi.ac.uk/vol1/fastq/SRR315/063/SRR31581963/SRR31581963_1.fastq.gz;ftp.sra.ebi.ac.uk/vol1/fastq/SRR315/063/SRR31581963/SRR31581963_2.fastq.gz	47
SRR31581962	StressDiet_48	63150	8921200;12481279	ftp.sra.ebi.ac.uk/vol1/fastq/SRR315/062/SRR31581962/SRR31581962_1.fastq.gz;ftp.sra.ebi.ac.uk/vol1/fastq/SRR315/062/SRR31581962/SRR31581962_2.fastq.gz	48
SRR31581961	StressDiet_49	110767	14726917;21111761	ftp.sra.ebi.ac.uk/vol1/fastq/SRR315/061/SRR31581961/SRR31581961_1.fastq.gz;ftp.sra.ebi.ac.uk/vol1/fastq/SRR315/061/SRR31581961/SRR31581961_2.fastq.gz	49
SRR31581960	StressDiet_50	104166	14174990;20203170	ftp.sra.ebi.ac.uk/vol1/fastq/SRR315/060/SRR31581960/SRR31581960_1.fastq.gz;ftp.sra.ebi.ac.uk/vol1/fastq/SRR315/060/SRR31581960/SRR31581960_2.fastq.gz	50
SRR31581959	StressDiet_51	76604	9108090;14280621	ftp.sra.ebi.ac.uk/vol1/fastq/SRR315/059/SRR31581959/SRR31581959_1.fastq.gz;ftp.sra.ebi.ac.uk/vol1/fastq/SRR315/059/SRR31581959/SRR31581959_2.fastq.gz	51
SRR31581958	StressDiet_52	317379	36263433;56561264	ftp.sra.ebi.ac.uk/vol1/fastq/SRR315/058/SRR31581958/SRR31581958_1.fastq.gz;ftp.sra.ebi.ac.uk/vol1/fastq/SRR315/058/SRR31581958/SRR31581958_2.fastq.gz	52
SRR31581957	StressDiet_53	85078	11881035;16204495	ftp.sra.ebi.ac.uk/vol1/fastq/SRR315/057/SRR31581957/SRR31581957_1.fastq.gz;ftp.sra.ebi.ac.uk/vol1/fastq/SRR315/057/SRR31581957/SRR31581957_2.fastq.gz	53
SRR31581956	StressDiet_54	23921	2816510;4359416	ftp.sra.ebi.ac.uk/vol1/fastq/SRR315/056/SRR31581956/SRR31581956_1.fastq.gz;ftp.sra.ebi.ac.uk/vol1/fastq/SRR315/056/SRR31581956/SRR31581956_2.fastq.gz	54
SRR31581955	StressDiet_55	69404	7992232;12356651	ftp.sra.ebi.ac.uk/vol1/fastq/SRR315/055/SRR31581955/SRR31581955_1.fastq.gz;ftp.sra.ebi.ac.uk/vol1/fastq/SRR315/055/SRR31581955/SRR31581955_2.fastq.gz	55
SRR31581954	StressDiet_56	42029	4932244;7559801	ftp.sra.ebi.ac.uk/vol1/fastq/SRR315/054/SRR31581954/SRR31581954_1.fastq.gz;ftp.sra.ebi.ac.uk/vol1/fastq/SRR315/054/SRR31581954/SRR31581954_2.fastq.gz	56
SRR31581952	StressDiet_57	69991	10133113;13324679	ftp.sra.ebi.ac.uk/vol1/fastq/SRR315/052/SRR31581952/SRR31581952_1.fastq.gz;ftp.sra.ebi.ac.uk/vol1/fastq/SRR315/052/SRR31581952/SRR31581952_2.fastq.gz	57
SRR31581951	StressDiet_58	63336	9212037;12247461	ftp.sra.ebi.ac.uk/vol1/fastq/SRR315/051/SRR31581951/SRR31581951_1.fastq.gz;ftp.sra.ebi.ac.uk/vol1/fastq/SRR315/051/SRR31581951/SRR31581951_2.fastq.gz	58
SRR31581950	StressDiet_59	41683	5312560;7681151	ftp.sra.ebi.ac.uk/vol1/fastq/SRR315/050/SRR31581950/SRR31581950_1.fastq.gz;ftp.sra.ebi.ac.uk/vol1/fastq/SRR315/050/SRR31581950/SRR31581950_2.fastq.gz	59
SRR31581949	StressDiet_60	27039	3027051;4899928	ftp.sra.ebi.ac.uk/vol1/fastq/SRR315/049/SRR31581949/SRR31581949_1.fastq.gz;ftp.sra.ebi.ac.uk/vol1/fastq/SRR315/049/SRR31581949/SRR31581949_2.fastq.gz	60
SRR31581948	StressDiet_61	35318	4618641;6698450	ftp.sra.ebi.ac.uk/vol1/fastq/SRR315/048/SRR31581948/SRR31581948_1.fastq.gz;ftp.sra.ebi.ac.uk/vol1/fastq/SRR315/048/SRR31581948/SRR31581948_2.fastq.gz	61
SRR31582043	StressDiet_62	27592	3283956;5128638	ftp.sra.ebi.ac.uk/vol1/fastq/SRR315/043/SRR31582043/SRR31582043_1.fastq.gz;ftp.sra.ebi.ac.uk/vol1/fastq/SRR315/043/SRR31582043/SRR31582043_2.fastq.gz	62
SRR31582042	StressDiet_63	19805	2654528;3867395	ftp.sra.ebi.ac.uk/vol1/fastq/SRR315/042/SRR31582042/SRR31582042_1.fastq.gz;ftp.sra.ebi.ac.uk/vol1/fastq/SRR315/042/SRR31582042/SRR31582042_2.fastq.gz	63
SRR31582041	StressDiet_64	51548	6190729;9596744	ftp.sra.ebi.ac.uk/vol1/fastq/SRR315/041/SRR31582041/SRR31582041_1.fastq.gz;ftp.sra.ebi.ac.uk/vol1/fastq/SRR315/041/SRR31582041/SRR31582041_2.fastq.gz	64
SRR31582040	StressDiet_65	29016	4290194;5824513	ftp.sra.ebi.ac.uk/vol1/fastq/SRR315/040/SRR31582040/SRR31582040_1.fastq.gz;ftp.sra.ebi.ac.uk/vol1/fastq/SRR315/040/SRR31582040/SRR31582040_2.fastq.gz	65
SRR31582039	StressDiet_66	37403	4321746;6759540	ftp.sra.ebi.ac.uk/vol1/fastq/SRR315/039/SRR31582039/SRR31582039_1.fastq.gz;ftp.sra.ebi.ac.uk/vol1/fastq/SRR315/039/SRR31582039/SRR31582039_2.fastq.gz	66
SRR31582037	StressDiet_67	41942	5111633;7640735	ftp.sra.ebi.ac.uk/vol1/fastq/SRR315/037/SRR31582037/SRR31582037_1.fastq.gz;ftp.sra.ebi.ac.uk/vol1/fastq/SRR315/037/SRR31582037/SRR31582037_2.fastq.gz	67
SRR31582036	StressDiet_68	86572	12019928;16999555	ftp.sra.ebi.ac.uk/vol1/fastq/SRR315/036/SRR31582036/SRR31582036_1.fastq.gz;ftp.sra.ebi.ac.uk/vol1/fastq/SRR315/036/SRR31582036/SRR31582036_2.fastq.gz	68
SRR31582035	StressDiet_69	75178	8382122;13623947	ftp.sra.ebi.ac.uk/vol1/fastq/SRR315/035/SRR31582035/SRR31582035_1.fastq.gz;ftp.sra.ebi.ac.uk/vol1/fastq/SRR315/035/SRR31582035/SRR31582035_2.fastq.gz	69
SRR31582034	StressDiet_70	59082	8689035;11958794	ftp.sra.ebi.ac.uk/vol1/fastq/SRR315/034/SRR31582034/SRR31582034_1.fastq.gz;ftp.sra.ebi.ac.uk/vol1/fastq/SRR315/034/SRR31582034/SRR31582034_2.fastq.gz	70
SRR31582033	StressDiet_71	76263	9892753;14818866	ftp.sra.ebi.ac.uk/vol1/fastq/SRR315/033/SRR31582033/SRR31582033_1.fastq.gz;ftp.sra.ebi.ac.uk/vol1/fastq/SRR315/033/SRR31582033/SRR31582033_2.fastq.gz	71
SRR31582032	StressDiet_72	89962	10988876;17189828	ftp.sra.ebi.ac.uk/vol1/fastq/SRR315/032/SRR31582032/SRR31582032_1.fastq.gz;ftp.sra.ebi.ac.uk/vol1/fastq/SRR315/032/SRR31582032/SRR31582032_2.fastq.gz	72
SRR31582031	StressDiet_73	61739	7347132;11591000	ftp.sra.ebi.ac.uk/vol1/fastq/SRR315/031/SRR31582031/SRR31582031_1.fastq.gz;ftp.sra.ebi.ac.uk/vol1/fastq/SRR315/031/SRR31582031/SRR31582031_2.fastq.gz	73
SRR31582030	StressDiet_74	99927	11312415;18089437	ftp.sra.ebi.ac.uk/vol1/fastq/SRR315/030/SRR31582030/SRR31582030_1.fastq.gz;ftp.sra.ebi.ac.uk/vol1/fastq/SRR315/030/SRR31582030/SRR31582030_2.fastq.gz	74
SRR31582029	StressDiet_75	84386	10689312;16305606	ftp.sra.ebi.ac.uk/vol1/fastq/SRR315/029/SRR31582029/SRR31582029_1.fastq.gz;ftp.sra.ebi.ac.uk/vol1/fastq/SRR315/029/SRR31582029/SRR31582029_2.fastq.gz	75
SRR31582028	StressDiet_76	62128	8891696;11819290	ftp.sra.ebi.ac.uk/vol1/fastq/SRR315/028/SRR31582028/SRR31582028_1.fastq.gz;ftp.sra.ebi.ac.uk/vol1/fastq/SRR315/028/SRR31582028/SRR31582028_2.fastq.gz	76
SRR31582010	StressDiet_77	29479	3441454;5343358	ftp.sra.ebi.ac.uk/vol1/fastq/SRR315/010/SRR31582010/SRR31582010_1.fastq.gz;ftp.sra.ebi.ac.uk/vol1/fastq/SRR315/010/SRR31582010/SRR31582010_2.fastq.gz	77
SRR31582009	StressDiet_78	74838	9575992;14103043	ftp.sra.ebi.ac.uk/vol1/fastq/SRR315/009/SRR31582009/SRR31582009_1.fastq.gz;ftp.sra.ebi.ac.uk/vol1/fastq/SRR315/009/SRR31582009/SRR31582009_2.fastq.gz	78
SRR31582008	StressDiet_79	27855	3350626;5177870	ftp.sra.ebi.ac.uk/vol1/fastq/SRR315/008/SRR31582008/SRR31582008_1.fastq.gz;ftp.sra.ebi.ac.uk/vol1/fastq/SRR315/008/SRR31582008/SRR31582008_2.fastq.gz	79
SRR31582007	StressDiet_80	62689	7732374;11770957	ftp.sra.ebi.ac.uk/vol1/fastq/SRR315/007/SRR31582007/SRR31582007_1.fastq.gz;ftp.sra.ebi.ac.uk/vol1/fastq/SRR315/007/SRR31582007/SRR31582007_2.fastq.gz	80
SRR31582006	StressDiet_81	114079	16094056;21847624	ftp.sra.ebi.ac.uk/vol1/fastq/SRR315/006/SRR31582006/SRR31582006_1.fastq.gz;ftp.sra.ebi.ac.uk/vol1/fastq/SRR315/006/SRR31582006/SRR31582006_2.fastq.gz	81
SRR31582005	StressDiet_82	45242	7139041;9257664	ftp.sra.ebi.ac.uk/vol1/fastq/SRR315/005/SRR31582005/SRR31582005_1.fastq.gz;ftp.sra.ebi.ac.uk/vol1/fastq/SRR315/005/SRR31582005/SRR31582005_2.fastq.gz	82
SRR31582004	StressDiet_83	75294	9847181;14256405	ftp.sra.ebi.ac.uk/vol1/fastq/SRR315/004/SRR31582004/SRR31582004_1.fastq.gz;ftp.sra.ebi.ac.uk/vol1/fastq/SRR315/004/SRR31582004/SRR31582004_2.fastq.gz	83
SRR31582003	StressDiet_84	181115	20013197;31718346	ftp.sra.ebi.ac.uk/vol1/fastq/SRR315/003/SRR31582003/SRR31582003_1.fastq.gz;ftp.sra.ebi.ac.uk/vol1/fastq/SRR315/003/SRR31582003/SRR31582003_2.fastq.gz	84
SRR31582002	StressDiet_85	49778	5866291;8974228	ftp.sra.ebi.ac.uk/vol1/fastq/SRR315/002/SRR31582002/SRR31582002_1.fastq.gz;ftp.sra.ebi.ac.uk/vol1/fastq/SRR315/002/SRR31582002/SRR31582002_2.fastq.gz	85
SRR31582001	StressDiet_86	88941	11492745;16794585	ftp.sra.ebi.ac.uk/vol1/fastq/SRR315/001/SRR31582001/SRR31582001_1.fastq.gz;ftp.sra.ebi.ac.uk/vol1/fastq/SRR315/001/SRR31582001/SRR31582001_2.fastq.gz	86
SRR31581999	StressDiet_88	86620	10603920;16040572	ftp.sra.ebi.ac.uk/vol1/fastq/SRR315/099/SRR31581999/SRR31581999_1.fastq.gz;ftp.sra.ebi.ac.uk/vol1/fastq/SRR315/099/SRR31581999/SRR31581999_2.fastq.gz	88
SRR31581998	StressDiet_89	52016	7693506;10239933	ftp.sra.ebi.ac.uk/vol1/fastq/SRR315/098/SRR31581998/SRR31581998_1.fastq.gz;ftp.sra.ebi.ac.uk/vol1/fastq/SRR315/098/SRR31581998/SRR31581998_2.fastq.gz	89
SRR31581997	StressDiet_91	191804	23375701;34701428	ftp.sra.ebi.ac.uk/vol1/fastq/SRR315/097/SRR31581997/SRR31581997_1.fastq.gz;ftp.sra.ebi.ac.uk/vol1/fastq/SRR315/097/SRR31581997/SRR31581997_2.fastq.gz	91
SRR31581996	StressDiet_92	68233	7951952;12346718	ftp.sra.ebi.ac.uk/vol1/fastq/SRR315/096/SRR31581996/SRR31581996_1.fastq.gz;ftp.sra.ebi.ac.uk/vol1/fastq/SRR315/096/SRR31581996/SRR31581996_2.fastq.gz	92
SRR31581979	StressDiet_93	72097	8765662;13136875	ftp.sra.ebi.ac.uk/vol1/fastq/SRR315/079/SRR31581979/SRR31581979_1.fastq.gz;ftp.sra.ebi.ac.uk/vol1/fastq/SRR315/079/SRR31581979/SRR31581979_2.fastq.gz	93
SRR31581978	StressDiet_94	87127	13066963;17656651	ftp.sra.ebi.ac.uk/vol1/fastq/SRR315/078/SRR31581978/SRR31581978_1.fastq.gz;ftp.sra.ebi.ac.uk/vol1/fastq/SRR315/078/SRR31581978/SRR31581978_2.fastq.gz	94
SRR31581977	StressDiet_95	75045	10404499;14413947	ftp.sra.ebi.ac.uk/vol1/fastq/SRR315/077/SRR31581977/SRR31581977_1.fastq.gz;ftp.sra.ebi.ac.uk/vol1/fastq/SRR315/077/SRR31581977/SRR31581977_2.fastq.gz	95
SRR31581976	StressDiet_96	144994	19625885;28933954	ftp.sra.ebi.ac.uk/vol1/fastq/SRR315/076/SRR31581976/SRR31581976_1.fastq.gz;ftp.sra.ebi.ac.uk/vol1/fastq/SRR315/076/SRR31581976/SRR31581976_2.fastq.gz	96
SRR31581975	StressDiet_97	172021	20191313;31207707	ftp.sra.ebi.ac.uk/vol1/fastq/SRR315/075/SRR31581975/SRR31581975_1.fastq.gz;ftp.sra.ebi.ac.uk/vol1/fastq/SRR315/075/SRR31581975/SRR31581975_2.fastq.gz	97
SRR31581974	StressDiet_98	70599	9133280;13160773	ftp.sra.ebi.ac.uk/vol1/fastq/SRR315/074/SRR31581974/SRR31581974_1.fastq.gz;ftp.sra.ebi.ac.uk/vol1/fastq/SRR315/074/SRR31581974/SRR31581974_2.fastq.gz	98
SRR31581972	StressDiet_99	66699	7656862;11984092	ftp.sra.ebi.ac.uk/vol1/fastq/SRR315/072/SRR31581972/SRR31581972_1.fastq.gz;ftp.sra.ebi.ac.uk/vol1/fastq/SRR315/072/SRR31581972/SRR31581972_2.fastq.gz	99
SRR31581971	StressDiet_101	158797	22650087;31470886	ftp.sra.ebi.ac.uk/vol1/fastq/SRR315/071/SRR31581971/SRR31581971_1.fastq.gz;ftp.sra.ebi.ac.uk/vol1/fastq/SRR315/071/SRR31581971/SRR31581971_2.fastq.gz	101
SRR31581970	StressDiet_102	76205	8944860;13691030	ftp.sra.ebi.ac.uk/vol1/fastq/SRR315/070/SRR31581970/SRR31581970_1.fastq.gz;ftp.sra.ebi.ac.uk/vol1/fastq/SRR315/070/SRR31581970/SRR31581970_2.fastq.gz	102
SRR31581969	StressDiet_103	49564	6250289;9316610	ftp.sra.ebi.ac.uk/vol1/fastq/SRR315/069/SRR31581969/SRR31581969_1.fastq.gz;ftp.sra.ebi.ac.uk/vol1/fastq/SRR315/069/SRR31581969/SRR31581969_2.fastq.gz	103
SRR31581968	StressDiet_104	78908	10208080;14954982	ftp.sra.ebi.ac.uk/vol1/fastq/SRR315/068/SRR31581968/SRR31581968_1.fastq.gz;ftp.sra.ebi.ac.uk/vol1/fastq/SRR315/068/SRR31581968/SRR31581968_2.fastq.gz	104
SRR31581967	StressDiet_106	33765	4651816;6592577	ftp.sra.ebi.ac.uk/vol1/fastq/SRR315/067/SRR31581967/SRR31581967_1.fastq.gz;ftp.sra.ebi.ac.uk/vol1/fastq/SRR315/067/SRR31581967/SRR31581967_2.fastq.gz	106
SRR31581966	StressDiet_107	65397	9353040;12570379	ftp.sra.ebi.ac.uk/vol1/fastq/SRR315/066/SRR31581966/SRR31581966_1.fastq.gz;ftp.sra.ebi.ac.uk/vol1/fastq/SRR315/066/SRR31581966/SRR31581966_2.fastq.gz	107
SRR31581965	StressDiet_108	67159	9569034;13076856	ftp.sra.ebi.ac.uk/vol1/fastq/SRR315/065/SRR31581965/SRR31581965_1.fastq.gz;ftp.sra.ebi.ac.uk/vol1/fastq/SRR315/065/SRR31581965/SRR31581965_2.fastq.gz	108
SRR31581964	StressDiet_109	49958	6017278;9053387	ftp.sra.ebi.ac.uk/vol1/fastq/SRR315/064/SRR31581964/SRR31581964_1.fastq.gz;ftp.sra.ebi.ac.uk/vol1/fastq/SRR315/064/SRR31581964/SRR31581964_2.fastq.gz	109
SRR31581947	StressDiet_110	39406	5671284;7656784	ftp.sra.ebi.ac.uk/vol1/fastq/SRR315/047/SRR31581947/SRR31581947_1.fastq.gz;ftp.sra.ebi.ac.uk/vol1/fastq/SRR315/047/SRR31581947/SRR31581947_2.fastq.gz	110
SRR31582056	StressDiet_111	37642	4369648;6903233	ftp.sra.ebi.ac.uk/vol1/fastq/SRR315/056/SRR31582056/SRR31582056_1.fastq.gz;ftp.sra.ebi.ac.uk/vol1/fastq/SRR315/056/SRR31582056/SRR31582056_2.fastq.gz	111
SRR31582055	StressDiet_112	55424	6733718;10364420	ftp.sra.ebi.ac.uk/vol1/fastq/SRR315/055/SRR31582055/SRR31582055_1.fastq.gz;ftp.sra.ebi.ac.uk/vol1/fastq/SRR315/055/SRR31582055/SRR31582055_2.fastq.gz	112
SRR31582054	StressDiet_113	17526	2054004;3264795	ftp.sra.ebi.ac.uk/vol1/fastq/SRR315/054/SRR31582054/SRR31582054_1.fastq.gz;ftp.sra.ebi.ac.uk/vol1/fastq/SRR315/054/SRR31582054/SRR31582054_2.fastq.gz	113
SRR31582053	StressDiet_114	30175	3820418;5773863	ftp.sra.ebi.ac.uk/vol1/fastq/SRR315/053/SRR31582053/SRR31582053_1.fastq.gz;ftp.sra.ebi.ac.uk/vol1/fastq/SRR315/053/SRR31582053/SRR31582053_2.fastq.gz	114
SRR31582052	StressDiet_115	49378	5878043;9173821	ftp.sra.ebi.ac.uk/vol1/fastq/SRR315/052/SRR31582052/SRR31582052_1.fastq.gz;ftp.sra.ebi.ac.uk/vol1/fastq/SRR315/052/SRR31582052/SRR31582052_2.fastq.gz	115
SRR31582051	StressDiet_116	52937	6194922;9702923	ftp.sra.ebi.ac.uk/vol1/fastq/SRR315/051/SRR31582051/SRR31582051_1.fastq.gz;ftp.sra.ebi.ac.uk/vol1/fastq/SRR315/051/SRR31582051/SRR31582051_2.fastq.gz	116
SRR31582050	StressDiet_117	52822	6142889;9729960	ftp.sra.ebi.ac.uk/vol1/fastq/SRR315/050/SRR31582050/SRR31582050_1.fastq.gz;ftp.sra.ebi.ac.uk/vol1/fastq/SRR315/050/SRR31582050/SRR31582050_2.fastq.gz	117
SRR31582049	StressDiet_118	18360	2149904;3530202	ftp.sra.ebi.ac.uk/vol1/fastq/SRR315/049/SRR31582049/SRR31582049_1.fastq.gz;ftp.sra.ebi.ac.uk/vol1/fastq/SRR315/049/SRR31582049/SRR31582049_2.fastq.gz	118
SRR31582048	StressDiet_119	34091	4326737;6644897	ftp.sra.ebi.ac.uk/vol1/fastq/SRR315/048/SRR31582048/SRR31582048_1.fastq.gz;ftp.sra.ebi.ac.uk/vol1/fastq/SRR315/048/SRR31582048/SRR31582048_2.fastq.gz	119
SRR31582047	StressDiet_120	41765	4739221;8063169	ftp.sra.ebi.ac.uk/vol1/fastq/SRR315/047/SRR31582047/SRR31582047_1.fastq.gz;ftp.sra.ebi.ac.uk/vol1/fastq/SRR315/047/SRR31582047/SRR31582047_2.fastq.gz	120
SRR31582045	StressDiet_121	44416	6295310;8973731	ftp.sra.ebi.ac.uk/vol1/fastq/SRR315/045/SRR31582045/SRR31582045_1.fastq.gz;ftp.sra.ebi.ac.uk/vol1/fastq/SRR315/045/SRR31582045/SRR31582045_2.fastq.gz	121
SRR31582044	StressDiet_122	23686	2935369;4676324	ftp.sra.ebi.ac.uk/vol1/fastq/SRR315/044/SRR31582044/SRR31582044_1.fastq.gz;ftp.sra.ebi.ac.uk/vol1/fastq/SRR315/044/SRR31582044/SRR31582044_2.fastq.gz	122
SRR31582027	StressDiet_123	39035	5649767;7867836	ftp.sra.ebi.ac.uk/vol1/fastq/SRR315/027/SRR31582027/SRR31582027_1.fastq.gz;ftp.sra.ebi.ac.uk/vol1/fastq/SRR315/027/SRR31582027/SRR31582027_2.fastq.gz	123
