sample_alias	Acidaminococcus	Acinetobacter	Actinomyces	Actinomyces(0.05)	Actinotignum	Aerococcus	Aeromicrobium	Aeromonas	Aggregatibacter	Akkermansia	Albibacter(0.01)	Alistipes	Alloiococcus	Alloprevotella	Alloscardovia	Anaerococcus	Anaeroglobus	Anaerostipes	Arcanobacterium	Arenimonas	Arthrobacter	Atopobium	Atopostipes	Bacillariophyta	Bacteroides	Bifidobacterium	Bilophila	Blautia	Brachybacterium	Brevibacterium	Brevundimonas	Bulleidia	Campylobacter	Capnocytophaga	Catenibacterium	Chlamydia	Chryseobacterium	Cloacibacterium	Clostridium_XlVa	Clostridium_sensu_stricto	Collinsella	Coprococcus	Corynebacterium	Deinococcus	Dialister	Diplorickettsia	Dorea	Enhydrobacter	Enterococcus	Eremococcus	Escherichia/Shigella	Eubacterium	Ezakiella	Facklamia	Faecalibacterium	Fannyhessea_vaginae	Fastidiosipila	Finegoldia	Flectobacillus	Fusicatenibacter	Fusobacterium	Gardnerella	Gardnerella_vaginalis	Gemella	Gemmiger	Globicatella	GpIIa	Granulicatella	Haemophilus	Helcococcus	Holdemanella	Howardella	Hymenobacter	Intestinibacter	Jonquetella	Klebsiella	Kocuria	Lachnoanaerobaculum	Lachnospiracea_incertae_sedis	Lactobacillus	Lactobacillus_crispatus	Lactobacillus_gasseri	Lactobacillus_iners	Lactobacillus_jensenii	Lactococcus	Leptotrichia	Limosilactobacillus_vaginalis	Megasphaera	Micrococcus	Mobiluncus	Moraxella	Moryella	Murdochiella	Mycoplasma	Negativicoccus	Neisseria	Nosocomiicoccus	Novosphingobium	Odoribacter	Oligella	Olsenella	Oscillibacter	Parabacteroides	Paracoccus	Parvimonas	Pasteurella	Pediococcus	Peptococcus	Peptoniphilus	Peptostreptococcus	Pontibacter(0.04)	Porphyromonas	Prevotella	Propionibacterium	Propionimicrobium	Pseudomonas	Pseudoxanthomonas	Psychrobacter	Romboutsia	Roseburia	Roseomonas	Rothia	Ruminococcus	Ruminococcus2	Runella(0.05)	Saccharibacteria_genera_incertae_sedis	Slackia	Sneathia	Sphingomonas	Staphylococcus	Streptococcus	Streptophyta	Sutterella	Turicella	Turicibacter	Unclassified	Ureaplasma	Varibaculum	Veillonella	Weeksella	Xanthomonas	"f_""Porphyromonadaceae"""	"f_""Prevotellaceae"""	f_Alcaligenaceae	f_Bifidobacteriaceae	f_Clostridiales_Incertae_Sedis_XI	f_Comamonadaceae	f_Coriobacteriaceae	f_Dermabacteraceae	f_Enterobacteriaceae	f_Erysipelotrichaceae	f_Flavobacteriaceae	f_Intrasporangiaceae	f_Lachnospiraceae	f_Lactobacillaceae	f_Neisseriaceae	f_Pasteurellaceae	f_Peptoniphilaceae	f_Peptostreptococcaceae	f_Ruminococcaceae	f_Sphingobacteriaceae	f_Staphylococcaceae	f_Veillonellaceae
StressDiet_1	0	28	103	0	1	0	0	86	0	0	1	0	0	0	0	113	0	0	0	0	0	40	0	3	0	1	0	0	1	1	0	0	38	4	0	0	16	0	0	0	0	0	548	0	71	0	0	0	9	0	277	0	2	1	0	2	1	269	0	0	604	3	10	11	0	0	0	8	116	0	0	0	0	0	0	1	17	0	0	159	173590	2	36	0	25	5	0	0	5	2	0	0	2	0	1	32	0	2	0	0	1	0	0	1	1	0	0	1	180	0	0	13	905	11	0	40	0	0	0	0	0	19	0	0	0	0	0	0	0	1786	66	66	3	0	0	454	0	1	3	0	1	0	147	0	0	0	5	0	10	102	0	23	3	0	0	23	20	0	0	0	0	501	0
StressDiet_10	0	1	1	0	0	0	0	0	0	0	0	0	0	0	0	3	0	0	0	1	0	0	0	0	0	0	0	0	0	0	0	0	1	0	0	0	0	0	0	1	0	0	2	0	5	0	0	0	0	0	0	0	1	0	0	0	0	10	0	0	0	21	86	0	0	0	0	0	8	0	0	0	0	0	0	0	1	1	0	779	45478	0	9	0	0	0	784	0	0	0	0	0	0	0	0	5	0	0	0	0	0	0	0	0	0	0	0	0	7	1	0	7	110	0	0	1	0	0	0	0	1	4	0	0	0	0	0	0	0	1	1	0	0	0	0	21	19	0	1	0	0	0	2	0	0	0	0	0	0	0	0	0	0	0	0	0	0	0	0	0	0	4	0
StressDiet_101	0	0	12	0	11	0	0	0	23	0	0	0	0	0	0	21	0	0	0	0	0	2	0	0	0	20	0	0	0	0	0	0	13	2	0	0	0	0	0	0	0	0	5	0	1202	0	0	0	0	0	13123	0	0	0	0	33	0	149	0	0	1103	153	8492	4013	0	0	0	8	5921	0	0	0	0	0	0	0	1	3	0	115	16	0	2462	0	0	41	0	1	0	0	0	0	0	0	0	6827	0	0	0	0	0	0	0	0	4	0	0	0	120	290	0	297	11299	0	0	1	0	0	0	0	0	14	0	0	0	1	0	2	0	8	3384	2	17	0	0	186	664	0	441	0	0	0	1750	0	146	0	1	0	0	255	0	3	0	0	0	1608	759	0	0	0	0	0	0
StressDiet_102	0	7	0	0	0	0	0	0	0	0	5	0	0	0	0	8	0	0	0	0	0	12	8	1	0	2	0	0	0	0	10	0	0	0	0	0	0	0	0	0	0	0	19	0	10	1	0	18	0	0	2	0	2	0	0	3	0	70	5	0	17	30	222	1	0	0	4	0	3	0	0	0	0	0	0	0	0	0	0	30	44916	1	2	0	0	0	0	0	0	0	14	0	1	0	0	0	0	4	0	0	8	0	0	4	1	0	0	0	13	0	0	5	105	63	0	4	0	0	0	0	1	8	0	0	1	0	0	7	0	46	33	38	0	7	0	59	381	0	6	0	0	0	0	0	1	0	33	0	0	0	0	0	0	4	1	7	1	0	0	2	0	4	4
StressDiet_103	0	1	0	0	0	0	0	0	0	0	4	0	5	0	0	5	0	0	0	0	0	0	0	1	2	0	0	1	0	0	0	0	2	0	0	0	0	0	0	1165	0	0	7	0	1	0	0	0	0	0	0	0	0	0	0	0	0	3	0	0	5	0	0	1	1	0	0	0	3	0	0	0	0	0	0	0	0	1	0	3125	4751	3	15516	58	0	2	46	0	1	0	4	0	0	0	0	3	0	0	0	0	0	0	0	0	0	0	0	0	2	0	0	3	9	58	0	0	0	0	0	0	0	15	1	0	2	0	1	0	1	12	5	6	0	24	0	62	0	0	0	0	0	0	0	0	0	0	1	0	0	0	0	0	0	0	0	2	3	0	0	0	0	5	0
StressDiet_104	0	2	14	0	0	0	0	0	0	0	3	0	0	0	0	1421	0	0	1	0	15	4	0	0	0	0	0	4	0	24	0	0	327	0	0	0	2	2	0	1	0	0	426	0	57	0	2	1	0	1	3	0	698	9	1	52	8	463	2	0	0	45	204	0	0	9	1	0	0	37	0	0	0	0	0	0	0	0	0	86	36642	0	6	0	0	0	0	1	0	22	4	0	180	0	3	0	0	0	0	0	4	0	0	0	0	0	0	1	969	43	0	245	1401	11	0	1	0	0	0	0	2	0	1	0	0	0	1	0	1	249	0	37	0	2	0	242	0	11	0	0	0	0	8	0	0	49	8	0	1	0	0	0	4	1	0	0	0	36	0	4	0	59	0
StressDiet_106	11	1	160	1	0	0	0	0	1	0	2	0	0	0	0	786	0	0	0	0	0	3	0	0	1	14	0	0	0	0	0	0	127	11	0	0	1	0	0	0	0	0	186	0	194	0	0	0	11	0	272	0	73	0	0	0	0	731	0	0	28	5	29	1	0	0	0	0	40	0	0	38	0	0	0	0	1	0	0	98	10081	1	1	2	0	5	0	5	1	0	0	0	38	0	7	20	0	0	0	0	11	0	0	0	0	0	0	0	368	0	0	16	2402	26	0	1	0	0	0	0	0	22	0	0	0	0	0	0	0	636	28	0	131	0	0	297	0	9	9	0	0	0	4	0	0	0	4	0	2	0	0	4	0	25	0	35	3	0	0	1	0	143	1
StressDiet_107	0	6	1	0	0	0	0	0	0	0	0	0	0	0	0	1	0	0	0	0	0	1323	0	0	0	0	0	0	0	0	0	0	0	0	0	0	0	0	0	1	0	0	1	0	0	0	0	0	0	0	0	0	0	0	0	1228	0	4	0	0	0	184	23032	0	0	0	0	0	1	0	0	0	0	0	0	0	0	0	0	1	23	1	1	0	0	0	0	0	0	0	0	0	0	0	0	0	0	0	0	0	0	0	0	0	0	0	0	0	0	1	0	0	12	3	0	0	0	0	0	0	0	0	0	0	0	0	0	0	0	0	1	20	0	0	0	3	0	0	0	0	0	0	0	0	82	0	0	0	0	1	0	0	0	0	0	1	0	0	0	0	0	0	0
StressDiet_108	0	0	0	0	0	35	0	0	0	0	0	0	0	0	0	2	0	0	0	0	0	689	0	0	0	3	0	0	0	0	0	9	0	0	0	0	0	0	0	0	0	0	0	0	170	0	0	0	0	0	77	0	0	0	0	2222	0	0	0	0	0	261	3022	0	0	0	0	0	0	0	0	0	0	0	0	0	0	0	0	687	13	0	6182	2	0	0	0	1	0	0	0	0	0	15	0	0	0	0	0	0	0	0	0	0	398	0	0	0	0	0	0	0	4825	0	0	0	0	0	0	0	0	0	0	0	0	0	0	8773	0	2	3	0	0	0	0	432	201	0	0	0	0	0	0	0	93	0	2	509	0	4	0	0	0	18	0	0	0	0	0	0	0	0	1191
StressDiet_109	0	1	9	0	0	0	0	0	0	0	0	0	0	0	0	65	0	0	0	0	0	0	0	0	0	1	0	0	0	1	0	0	11	0	0	0	0	0	0	1569	0	0	19	0	13	0	0	0	0	0	1	0	0	0	0	0	0	238	0	0	16	4	33	33	0	0	0	1	45	0	0	0	0	0	0	0	0	0	0	290	26035	0	4	0	0	6	42	0	0	1	0	0	9	0	0	83	0	0	0	0	0	0	0	0	0	0	0	0	54	1	0	18	36	2	2	1	0	0	0	0	0	61	0	1	0	2	0	0	0	27	62	1	0	0	0	128	0	8	4	0	0	0	1	0	0	0	1	0	0	0	0	3	0	1	2	1	1	0	0	0	0	7	0
StressDiet_11	0	0	1	0	0	0	0	0	0	0	2	0	0	0	0	3	0	0	0	0	0	1	0	0	0	11	0	1	0	0	0	0	3	0	0	0	0	0	0	0	0	0	2	0	3	0	0	0	0	0	2	0	0	0	0	0	0	7	0	0	0	0	1	0	0	0	0	0	0	0	0	0	0	0	1	0	0	0	0	4413	11773	45522	1	0	0	0	0	0	0	0	0	0	0	0	0	0	0	1	0	0	1	0	0	0	0	0	0	0	5	0	0	0	2	0	0	1	0	0	0	0	0	0	0	0	0	0	0	0	0	18	3	0	0	0	0	3	0	0	0	0	0	0	0	0	0	0	0	0	0	4	0	0	0	0	0	11	0	0	0	0	0	3	0
StressDiet_110	0	2	5	0	0	0	0	0	0	1	0	0	0	0	16	293	0	0	0	0	0	13	0	0	4	1	0	0	0	3	0	0	75	0	0	0	0	0	0	6	0	0	173	0	636	0	0	2	0	0	1	0	68	0	0	2	0	642	0	1	1	1	8	0	0	0	0	0	3	0	0	0	0	0	14	0	0	1	0	271	38	3875	22	3	0	3	0	1	0	5	0	0	19	0	3	1	0	3	0	0	0	0	0	0	0	0	0	0	344	22	0	111	1972	8	2	0	0	0	0	0	0	8	1	0	0	0	2	5	0	77	7574	5	12	0	0	724	0	2	5	0	0	58	1	0	0	0	0	0	0	0	0	0	0	676	0	0	1	0	20	18	0	2	0
StressDiet_111	0	0	2	0	0	0	0	0	0	0	1	0	18	0	0	1	0	0	0	0	0	0	0	0	0	0	0	0	0	0	0	0	0	0	0	0	0	0	0	0	0	0	5	0	3	0	0	0	0	0	0	0	0	0	0	0	0	11	1	0	4	0	0	0	0	0	0	0	0	0	0	0	0	0	0	0	4	0	0	98	14	0	19829	104	0	0	0	0	0	0	1	0	0	0	0	0	0	0	0	0	0	0	0	0	0	0	0	0	1	2	0	0	59	19	0	0	0	0	0	0	0	0	0	0	3	0	0	0	0	2	2	2	2	77	0	7	0	0	1	0	0	0	0	0	0	0	3	0	0	0	0	0	0	2	0	0	0	0	0	0	0	0	0
StressDiet_112	0	0	0	0	0	0	0	0	0	0	7	0	0	0	0	21	0	0	0	0	0	0	0	0	0	0	0	0	2	0	0	0	2	0	0	0	0	0	0	0	0	0	2	0	0	0	0	0	0	0	1	0	9	0	0	0	0	6	2	0	0	126	1232	0	0	0	1	0	7	0	0	0	0	0	0	0	0	0	0	1717	23378	5	2438	445	0	0	76	0	0	1	7	0	0	0	0	0	0	0	0	0	0	0	0	0	0	0	0	0	6	2	4	4	10	26	0	0	0	1	0	0	0	2	0	0	0	0	0	0	2	21	0	6	0	0	0	118	1254	1	0	0	0	1	0	0	2	0	7	0	0	1	0	0	0	0	0	0	0	0	0	0	0	4	0
StressDiet_113	0	0	0	0	0	0	0	0	0	0	0	0	0	0	0	0	0	0	0	0	0	0	0	0	2	0	0	0	0	0	0	0	0	0	0	0	2	0	0	0	0	0	0	0	0	0	0	0	0	0	2	0	0	0	0	0	0	0	0	0	0	0	0	0	0	0	0	0	0	0	0	0	0	0	0	0	0	0	0	0	11	0	9025	1	0	0	0	0	0	0	0	0	0	0	0	0	0	0	0	0	0	0	0	0	0	0	0	0	2	0	0	0	1	0	0	0	0	0	0	0	0	0	0	0	0	0	0	0	0	0	1	0	0	0	0	6	0	0	0	0	0	0	0	0	0	0	1	0	0	0	0	0	0	0	0	0	0	0	0	0	0	0	0
StressDiet_114	0	3	0	0	1	0	0	0	0	0	3	0	0	0	0	2	0	0	0	0	0	4	0	0	5	12	0	0	0	0	0	0	12	0	0	0	0	0	0	0	0	0	501	0	16	0	0	1	2	0	0	0	0	0	0	40	0	10	0	0	1	0	1	0	0	0	2	0	1	0	0	0	0	0	0	0	0	0	0	68	10	3	6	14238	0	0	0	0	0	0	6	0	0	0	0	0	0	0	0	0	0	0	0	3	0	0	0	0	3	0	0	0	308	7	0	0	0	0	0	0	0	0	0	1	0	0	0	0	0	14	9	66	2	0	0	18	0	0	1	0	0	0	0	0	0	0	8	0	0	0	0	0	0	5	0	1	0	0	0	0	0	4	0
StressDiet_115	0	0	0	0	0	0	0	0	0	0	3	1	0	0	0	48	0	0	0	0	0	0	0	1	0	0	0	1	0	1	0	0	21	0	0	0	0	3	0	0	0	0	25	0	9	1	0	0	0	0	0	0	7	0	0	0	0	33	0	0	0	0	12	0	0	0	0	0	2	0	0	0	0	0	1	0	0	0	0	3804	10336	4	12186	0	0	0	1	0	0	0	5	1	2	0	0	0	0	0	0	0	0	0	0	0	0	0	0	2	19	0	0	16	64	1	0	0	0	0	0	0	0	0	0	0	1	0	0	0	0	34	0	0	1	0	0	35	227	0	0	0	0	0	0	0	0	4	14	0	0	0	0	0	0	3	0	0	0	0	0	0	0	4	0
StressDiet_116	0	0	2	0	0	0	0	0	0	0	1	0	12	0	0	0	0	0	0	0	0	0	0	2	1	0	0	0	0	0	1	0	9	0	0	0	0	0	0	540	0	0	20	0	0	2	0	0	0	0	18	0	1	0	0	0	0	10	0	0	13	0	0	0	0	0	1	0	2	0	0	0	0	0	0	10	0	0	0	135	6	107	27018	1	0	0	26	0	0	0	8	0	0	0	0	2	0	0	0	0	0	0	0	1	0	0	0	0	8	0	0	0	39	38	0	1	0	0	0	0	0	11	0	0	0	0	0	0	0	18	2	0	0	31	0	34	0	0	2	0	0	0	0	0	0	0	11	0	0	1	0	2	0	0	0	1	2	0	0	0	0	2	0
StressDiet_117	0	0	0	0	1	0	0	0	1	0	0	0	13	0	0	28	0	0	0	2	1	0	2	0	1	0	0	0	0	0	0	0	12	1	0	0	0	0	0	1	1	0	8	0	14	0	0	0	0	0	0	0	3	1	1	3	0	53	1	0	0	4	21	3	0	0	2	0	2	0	0	0	0	0	0	0	0	0	0	17	19	0	27331	2	0	0	0	0	0	0	0	0	4	0	0	1	0	0	0	0	1	0	1	0	0	0	0	0	8	1	0	6	87	34	0	1	0	0	0	0	0	10	0	0	0	0	0	22	0	23	4	6	1	27	0	23	0	0	0	0	0	1	0	0	0	0	7	1	0	0	0	0	0	2	0	4	2	0	0	0	0	2	5
StressDiet_118	0	2	3	0	0	2	0	0	0	2	1	0	0	0	0	13	0	1	0	0	0	0	0	0	11	0	0	1	0	0	0	0	24	0	0	0	0	0	0	0	0	0	8	0	9	0	0	0	5	0	5	0	0	0	1	0	0	57	2	1	0	0	1	2	0	0	1	0	1	0	0	0	0	0	0	0	0	0	1	21	8754	0	8	0	0	0	54	0	0	0	5	0	0	0	0	0	0	1	0	0	0	0	0	0	0	0	0	0	10	0	0	0	453	0	0	1	0	0	0	0	0	0	0	0	0	0	0	0	0	29	22	0	1	0	0	8	0	0	8	0	0	0	0	0	0	0	14	0	0	0	0	0	0	6	1	0	0	0	0	0	0	4	0
StressDiet_119	0	2	1	0	0	0	0	0	2	0	6	0	0	0	0	7	0	0	0	0	0	0	6	0	12	0	0	1	0	2	2	0	1	0	0	0	0	0	0	1	0	0	10	0	1	0	1	3	0	0	4	0	0	0	2	5	0	9	1	0	0	5	16	0	0	0	1	0	2	0	0	0	0	0	0	0	4	0	0	1300	1442	0	12359	0	0	1	0	0	1	0	2	0	0	0	0	2	0	1	1	0	0	0	0	3	0	0	0	0	2	0	0	0	29	5	0	0	0	0	0	1	1	0	1	2	0	0	0	15	1	5	1	1	0	1	0	20	688	0	1	0	0	1	0	0	0	0	1	2	0	0	0	0	0	0	0	3	0	0	0	0	0	1	0
StressDiet_12	0	3	0	0	0	0	0	0	0	0	0	0	0	0	0	28	0	0	0	0	0	0	0	0	0	1	0	0	13	20	0	0	8	0	0	0	0	0	0	0	0	0	129	0	2	0	0	0	0	0	36	0	0	0	2	0	0	21	0	0	5	0	1	0	0	0	0	0	0	0	0	0	0	0	0	18	3	0	0	8	58623	0	3	0	0	0	0	3	32	0	0	0	0	0	0	0	0	0	0	0	0	0	0	1	0	0	0	0	8	3	0	0	30	7	0	0	0	0	0	0	0	0	0	0	0	0	0	0	3	53	0	8	0	0	0	6	0	1	3	0	0	0	0	0	0	0	1	0	1	12	0	0	0	0	0	0	0	0	0	0	0	6	0
StressDiet_120	0	1	1	0	0	0	0	0	0	0	0	0	0	0	0	0	0	0	0	0	0	0	0	0	0	0	0	0	0	0	0	0	0	0	0	0	0	0	0	0	0	0	1	0	1	0	0	6	0	0	19	1	0	0	0	0	0	2	0	0	0	0	0	0	0	0	0	0	0	0	0	0	0	0	0	11	0	0	0	3	21108	2	2	0	0	0	1	0	1	0	8	0	0	0	0	0	0	1	0	0	0	0	0	0	0	0	0	0	0	0	0	0	6	3	0	0	0	0	0	0	0	0	0	0	0	0	0	0	0	15	0	0	0	0	0	12	0	0	0	0	0	0	0	0	0	0	1	0	0	3	0	0	0	0	0	0	0	0	0	0	0	2	0
StressDiet_121	0	0	0	1	0	0	0	0	0	0	5	0	0	0	0	0	0	0	0	0	0	0	0	1	1	2567	0	0	0	0	0	0	0	0	0	0	0	0	0	0	0	0	0	0	0	0	0	0	1	0	151	0	0	0	0	0	0	0	3	0	0	0	0	1	0	0	0	0	0	0	0	0	0	0	0	0	0	0	0	767	12	4589	1	1	0	0	0	0	0	0	3	0	0	0	0	0	0	0	0	0	0	0	0	0	0	0	0	0	0	0	0	2	0	0	0	0	0	0	0	0	0	0	0	0	5	0	0	0	0	2	6792	1	0	1	0	512	0	0	0	0	0	0	0	0	10	0	4	0	0	0	0	0	0	0	0	0	0	0	0	0	0	3	0
StressDiet_122	0	0	0	5	0	0	0	0	0	0	8	0	1	0	0	3	0	0	0	0	0	1	0	0	0	0	0	0	0	0	0	0	1	0	0	0	0	0	0	0	0	0	20	0	24	0	0	7	0	0	2	0	0	0	0	0	0	25	1	0	2	0	0	2	0	0	0	0	2	0	0	0	0	0	1	0	18	0	0	125	7784	1	3	3085	0	0	0	1	26	0	8	0	0	0	1	0	0	0	0	0	0	0	0	0	0	0	0	0	5	0	0	0	54	9	0	1	0	0	0	0	0	4	0	0	0	0	0	0	0	5	0	1	0	0	0	36	0	0	3	0	0	0	0	0	0	0	0	0	0	1	0	0	0	1	1	1	0	0	0	0	0	3	0
StressDiet_123	0	0	0	0	0	1286	0	0	0	0	0	0	0	0	0	3	0	0	0	0	0	309	0	0	0	0	0	0	0	0	0	0	0	0	0	0	0	0	0	0	0	0	2	0	1093	0	0	0	0	0	0	0	0	0	0	1171	0	0	1	0	0	161	2611	0	0	0	0	0	0	0	0	0	0	0	0	0	0	0	0	1	3	2	3	0	0	0	0	0	0	0	0	0	0	0	0	0	0	0	0	0	0	0	0	0	0	0	0	0	5	0	0	0	5062	0	0	0	0	0	0	0	0	0	0	0	0	1	0	0	0	0	0	0	0	0	0	263	0	0	0	0	0	0	0	0	109	0	0	287	0	0	0	0	0	5	0	0	0	0	0	0	0	0	566
StressDiet_15	0	0	7	0	0	0	0	0	0	4	1	0	0	0	8	256	0	0	0	0	0	175	0	1	0	0	0	0	0	1	0	0	3	0	0	0	0	0	1	4	1	1	10	0	159	0	0	0	0	0	0	0	1	1	1	470	0	47	0	0	11	528	12354	108	1	0	0	0	8	0	0	0	0	1	0	0	0	0	0	1195	771	12160	17	3	0	0	124	2	0	0	1	0	0	473	0	0	0	0	0	0	0	0	0	0	59	0	0	0	80	56	0	8	2909	0	0	0	0	0	0	0	0	0	0	0	0	0	0	1351	0	7	44	0	0	0	0	293	1108	0	1	0	0	0	0	0	145	0	0	0	0	0	0	0	0	4	0	0	0	0	0	1	0	1	0
StressDiet_16	0	3	0	0	0	0	0	0	0	0	3	0	0	0	0	4	0	0	0	0	0	2	0	0	0	3	1	0	0	1	0	0	2	0	0	0	0	0	0	332	0	0	61	0	4	0	0	0	0	0	0	0	2	0	0	1	1	4	0	0	59	1	19	0	0	0	0	0	0	6	0	0	0	0	0	0	1	0	0	658	36797	0	634	42	0	0	19	4	0	0	2	0	0	0	0	0	0	1	0	0	0	0	0	0	0	0	0	0	10	6	0	11	85	7	0	0	0	0	0	0	0	0	0	0	0	0	0	0	0	5	0	0	0	0	0	39	1	0	0	0	0	7	0	0	0	0	0	0	0	0	0	0	0	0	0	0	0	0	0	1	0	1	0
StressDiet_17	0	0	0	0	0	0	0	0	0	0	0	0	0	0	0	1	0	0	0	0	0	1	0	0	0	0	0	0	0	0	0	0	2	0	0	0	0	0	0	0	0	0	1	0	0	1	0	0	0	0	3	0	1	0	0	23	0	0	1	0	0	1	14	0	0	0	1	0	2	0	0	0	0	0	0	0	0	0	0	6583	24	3	9544	33697	0	0	0	0	0	0	0	0	0	0	0	0	0	1	0	0	0	0	0	0	0	0	0	0	2	0	1	0	7	1	0	0	0	0	0	0	0	2	0	0	0	0	0	0	0	1	2	0	0	0	0	11	63	0	0	0	0	0	14	0	0	0	4	0	0	0	0	0	0	1	0	0	1	0	0	0	0	1	0
StressDiet_18	0	0	4	0	5	10	0	0	3	4	0	0	0	0	0	17	1	0	0	0	0	2	0	0	19	14	0	1	0	0	0	0	122	0	0	0	0	0	0	0	0	0	24	0	15	0	0	0	0	0	22	0	41	4	5	0	2	98	0	0	63	0	1	268	0	0	0	3	2033	0	0	0	0	0	0	0	0	5	1	746	22640	3	112	31	0	16	0	0	0	62	0	0	5	0	1	6	0	0	1	0	15	0	0	0	0	0	0	0	681	8	0	35	555	33	4	0	0	0	0	0	0	629	2	2	0	6	0	0	0	285	777	0	0	0	0	385	0	27	43	0	0	0	60	0	0	0	0	0	1	0	0	23	0	4	7	2	3	0	0	0	0	73	0
StressDiet_19	0	0	0	0	0	0	0	0	0	0	0	0	0	0	0	471	0	0	0	0	0	1333	0	0	0	1	0	0	0	4	0	0	0	0	0	0	0	0	0	0	0	0	6	0	151	0	0	1	0	0	0	0	0	0	0	5946	0	0	0	0	0	732	23093	1	0	0	0	0	0	0	0	0	0	0	0	0	0	0	0	2292	27	0	23031	1	0	0	0	0	0	0	0	0	0	0	0	2	0	0	0	0	0	0	0	0	0	0	0	0	1	0	0	0	5874	0	0	0	0	0	0	0	0	0	0	0	0	0	0	0	0	0	2	0	0	0	0	1763	164	0	0	0	0	0	1	0	237	0	1	0	0	0	0	0	0	6	0	0	0	0	0	0	0	0	4853
StressDiet_2	0	0	0	0	0	343	0	0	0	0	0	0	0	0	0	519	0	0	37	1	0	6865	0	0	0	5	0	1	0	0	0	391	683	0	0	11	0	0	0	0	1	0	0	0	4513	0	0	33	0	0	2	0	0	0	0	14708	0	0	2	0	0	624	21619	316	0	0	0	0	3	0	0	0	0	0	0	0	0	0	0	159	58	0	1364	1	0	0	9	0	10	7475	4	0	0	0	0	0	0	0	0	0	0	0	0	4	11893	0	0	0	15	0	0	11579	47557	2	0	0	0	0	0	0	0	0	4	0	0	0	0	0	1	5	1	2	0	0	0	668	10	0	0	0	0	0	0	0	303	0	6	2977	0	0	0	3	1	1347	0	0	0	0	0	0	0	0	33040
StressDiet_21	3	34	4	0	0	5	0	0	0	0	0	0	0	0	0	57	0	0	0	1	0	36	0	5	1	5	0	0	0	0	0	0	22	0	0	0	0	0	0	0	0	0	79	0	96	0	0	1	6	0	342	0	0	0	0	13	0	182	0	0	28	394	2083	0	0	0	0	0	0	0	0	0	0	1	5	0	2	0	0	382	85262	9	4	414	0	1	217	7	1	0	0	0	0	0	0	0	0	1	0	0	0	0	0	7	0	0	0	0	36	0	0	3	3929	19	0	0	0	0	0	0	0	7	0	0	7	0	0	0	0	523	4	20	10	0	0	267	1818	1	3	0	0	0	0	0	4	0	5	0	0	2	0	1	1	4	0	9	0	0	2	0	0	138	2
StressDiet_22	0	14	0	0	0	0	0	16	0	0	3	0	0	0	0	565	1	0	0	0	0	9	0	0	0	1	5	0	0	16	0	0	394	0	0	0	0	0	0	0	0	0	28	0	605	0	0	4	0	0	0	0	0	1	0	1	1	204	0	0	0	0	0	0	0	0	0	0	0	0	0	0	0	0	484	0	0	0	0	158	24874	9	11	0	0	1	0	53	1	14	0	0	0	0	2	1	0	0	0	0	52	0	0	0	0	0	0	0	317	0	0	112	5721	5	0	0	0	0	0	0	0	0	0	0	0	0	1	0	0	51	0	1	39	1	0	68	0	4	19	0	0	0	0	0	0	0	2	0	0	0	0	0	0	287	1	0	0	2	0	68	0	3	0
StressDiet_23	0	3	48	0	0	0	0	0	0	0	8	0	0	0	0	57	0	0	0	1	0	1	0	5	0	1	0	0	0	1	0	0	0	0	0	0	0	19	0	0	0	0	18	0	2	0	0	0	0	0	0	0	1	0	0	0	0	133	1	0	0	0	4	0	0	0	0	0	2	0	0	0	0	0	0	0	0	0	0	304	69731	4	3	1233	0	0	201	0	0	0	4	0	0	0	0	0	0	14	0	0	0	0	0	0	0	0	0	0	19	0	0	2	119	1	0	0	21	0	0	0	0	2	0	0	0	0	0	0	19	31	0	50	0	1	0	21	0	0	0	0	0	0	0	0	0	0	5	0	0	0	0	0	0	0	0	8	0	0	0	0	0	7	0
StressDiet_24	2	32	53	1	79	22	0	0	0	0	5	0	0	0	0	3919	0	1	273	0	0	3	0	0	11	1	0	3	0	3	6	0	340	1	0	0	3	0	0	0	0	3	283	0	472	1	0	7	0	0	0	0	0	22	0	5	0	749	0	1	210	155	930	23	0	0	1	3	262	1	0	0	0	2	0	0	12	11	1	3475	65758	2543	3	3	0	15	1387	3	7	3	0	0	0	0	187	45	0	1	0	0	0	0	0	0	0	0	0	95	6855	0	1	3944	6195	5	852	1	0	0	0	1	1	60	0	0	0	7	0	0	0	261	80	10	0	1	0	382	6	831	12	0	0	0	14	0	11	0	5	0	3	0	0	7	0	19	0	7	10	71	0	0	0	54	0
StressDiet_25	0	0	0	1	0	0	0	0	0	0	2	0	0	0	0	1	0	0	0	0	0	65	0	1	3	3	0	0	0	0	0	0	0	0	0	0	0	7	0	3149	0	0	14	0	58	0	0	1	11	0	1759	0	0	0	1	788	0	1	1	0	0	869	4712	0	0	0	0	0	0	0	0	0	0	0	0	0	3	0	0	1084	68471	0	7	10	0	0	23	0	2	0	7	0	0	0	0	0	0	0	0	0	0	0	0	0	0	61	0	0	14	0	0	8	557	0	0	0	1	0	0	0	0	0	0	0	0	0	0	3	4	79	1	4	0	4	0	687	10	0	0	0	0	0	1	0	24	0	1	0	0	20	0	0	0	0	0	0	0	0	0	0	0	23	95
StressDiet_26	0	2	6	1	0	0	0	0	0	0	7	0	0	0	0	67	0	0	0	0	0	5	0	0	3	14855	0	2	0	0	0	0	12	0	0	0	0	0	3	1	0	0	63	0	77	0	0	1	0	0	16	0	5	0	3	0	0	227	0	0	0	0	0	0	0	0	0	0	3	0	0	0	0	0	0	0	0	0	0	721	55	168	4	46483	0	0	0	0	3	1	13	0	1	0	2	0	0	0	0	0	3	0	0	0	0	0	0	0	55	21	0	0	601	11	0	6	0	0	0	0	0	0	0	0	3	0	0	0	1	8	0	2	4	0	0	50	0	1	0	0	1	0	0	0	1	0	1	0	0	0	0	0	0	67	0	0	0	0	0	0	0	3	0
StressDiet_27	0	0	1	0	0	0	0	0	0	2	0	0	0	0	0	8	0	0	0	0	0	0	0	0	0	0	0	0	0	0	0	0	2	0	0	0	0	0	0	836	0	0	0	0	0	0	0	0	0	0	2	0	1	0	0	0	0	2	0	0	1	0	0	0	0	0	0	0	0	0	0	0	0	0	0	0	2	0	0	374	76480	1	279	0	0	0	4	0	0	0	2	0	2	0	0	0	0	0	0	0	0	0	0	0	0	0	0	0	5	0	0	7	20	1	0	0	0	0	0	0	0	0	0	0	0	0	0	0	0	3	0	0	0	0	0	71	1	1	0	0	3	0	1	0	0	0	0	0	0	0	0	0	1	0	0	0	0	0	0	1	0	0	0
StressDiet_28	0	0	0	0	0	337	0	0	0	0	0	0	0	0	0	8	0	0	0	0	0	29	0	0	0	0	0	0	0	0	0	0	2	0	0	0	0	0	0	0	0	0	3	0	33	0	0	2	0	0	0	0	0	0	0	261	0	5	0	0	3	257	5286	0	0	0	0	0	0	0	0	0	0	0	0	0	0	0	0	1962	3869	0	9660	1	0	0	0	0	0	0	0	0	3	0	0	0	0	0	0	0	0	0	0	0	0	0	0	0	2	0	0	3	212	0	0	0	0	0	0	0	0	0	0	0	0	0	0	32	0	4	0	0	0	0	0	733	37	0	0	0	0	0	0	0	5	0	0	0	0	0	0	0	0	0	0	0	0	0	0	0	0	0	1303
StressDiet_29	0	6	0	0	0	0	0	0	0	0	0	0	0	0	0	12	0	0	0	0	0	0	0	0	2	0	0	0	0	1	0	0	1	0	0	0	1	0	0	0	0	1	44	0	0	0	1	2	0	0	1	0	0	0	0	0	0	19	2	0	9	0	1	2	0	0	0	2	53	0	0	0	0	0	0	1	0	0	0	244	42717	5	68	24	0	2	159	0	0	8	0	0	1	0	0	5	0	1	0	0	0	0	0	4	0	0	0	0	5	0	0	4	51	1	0	0	0	3	0	0	0	39	0	0	0	3	0	0	0	127	103	0	0	0	0	58	1337	0	1	0	0	0	5	0	0	0	3	0	1	1	0	0	0	2	1	0	0	0	0	0	0	34	0
StressDiet_3	0	0	0	0	0	0	0	0	0	3	3	1	0	0	0	966	0	0	1	0	0	66	0	0	5	2	17	0	1	0	0	0	301	0	0	0	0	0	0	0	0	8	18	0	359	0	0	3	0	0	8	0	114	0	3	3	0	173	0	0	771	0	3	0	1	0	0	0	0	0	0	0	1	0	543	0	26	0	0	9746	27	12170	52101	0	0	0	29	1	1	28	1	5	4	0	0	0	0	0	0	0	89	1	0	3	0	0	0	3	175	123	0	530	5456	8	5	0	0	0	0	1	0	0	1	0	0	1	0	1	0	14	0	0	93	1	0	739	743	0	16	0	0	73	54	0	0	0	3	0	0	0	0	0	0	36	0	0	0	0	161	23	0	2	0
StressDiet_30	0	0	0	0	4	0	0	0	0	3	1	8	0	0	0	173	18	2	0	0	1	12	0	0	327	4	3	10	0	12	0	0	55	0	0	0	0	0	15	1	1	9	102	0	133	0	18	0	4	0	3	7	2	2	71	0	0	140	0	6	3571	40	12362	0	20	0	0	0	0	0	0	0	0	4	0	0	0	0	3	1	24	29	10	1	0	0	0	3	0	0	1	0	1	0	1	0	0	0	1	0	0	4	0	0	0	0	0	0	32	68	0	1	1872	11	0	1	0	0	3	67	0	0	209	7	2	0	2	0	4	14	220	2	3	0	0	84	0	0	5667	0	0	7	1	0	57	0	1	0	1	0	0	0	0	152	0	0	0	0	2	19	0	0	0
StressDiet_31	26	0	0	0	0	0	0	0	0	0	4	0	0	0	0	12	9	0	0	0	0	3	0	0	0	0	0	0	0	18	0	0	32	0	0	0	0	0	0	0	0	0	62	0	23	2	0	0	0	0	45	0	11	0	0	0	0	35	0	0	297	0	0	0	0	0	0	0	0	0	0	0	0	0	0	0	3	0	0	42	23970	2	8	38	0	0	1	6	0	1	1	0	4	2	0	0	0	0	0	0	0	0	0	0	0	0	0	0	26	1	0	4	668	40	0	0	0	0	0	0	0	4	0	0	0	0	1	0	0	95	1	0	0	0	0	185	0	0	1	0	0	0	0	0	0	0	1	0	1	0	0	0	0	3	0	0	0	0	0	0	0	16	0
StressDiet_33	0	7	1	2	0	0	0	0	0	0	16	0	0	0	0	55	0	0	0	1	0	0	0	0	1	1	0	2	0	1	0	0	0	1	0	0	0	0	0	0	0	0	10	0	3	0	0	1	0	0	1	0	1	0	2	4	0	69	0	0	1	6	44	1	5	0	2	0	0	0	0	0	0	1	0	0	0	0	0	924	19	5	67138	1279	0	0	0	0	1	0	10	0	3	0	0	0	0	4	0	0	0	0	0	1	0	0	0	0	26	0	0	8	31	21	0	1	0	0	0	0	0	0	1	0	0	0	0	0	0	12	9	28	0	2	0	47	267	0	0	0	2	0	0	0	0	0	10	0	0	0	0	0	0	0	0	2	0	0	0	0	0	1	1
StressDiet_34	0	5568	9	0	0	1	0	0	0	0	2	0	127	0	0	1	0	0	0	0	0	7	1	3	17	0	2	0	3	547	0	0	1	0	0	0	0	3	0	0	0	0	1001	0	96	0	0	10	35	0	394	0	0	0	1	16	0	151	0	1	977	3	87	0	1	0	1	0	6090	0	0	0	0	0	0	4121	0	0	0	9	123	1	13	6	0	0	0	0	1	0	6	0	0	0	0	0	0	0	0	0	0	2	0	1	0	0	0	0	43	0	0	0	2458	18	0	31	0	0	96	0	0	18	0	0	0	0	0	1	0	131	9104	14	0	119	41	62	0	7	140	0	6	0	0	0	0	0	18	1	0	1863	0	0	0	0	0	186	21	0	0	0	0	0	2
StressDiet_36	0	0	2	0	0	0	0	0	0	0	4	0	0	0	0	9	0	0	0	0	0	0	0	0	0	0	0	0	0	0	0	0	0	0	0	0	0	0	0	0	0	0	29	0	0	0	0	0	0	0	1	0	0	0	0	1	0	44	1	0	0	4	32	0	0	0	1	0	0	0	0	0	0	0	0	0	1	0	0	2536	17	3	52748	3934	0	2	0	0	0	0	3	0	0	0	0	0	0	1	0	0	0	0	0	3	0	0	0	0	1	0	0	0	8	5	0	1	0	0	0	0	0	0	0	0	0	0	0	0	0	17	0	20	0	0	0	19	200	0	1	0	0	0	0	0	0	0	4	0	0	2	0	0	0	0	0	2	0	0	0	0	0	2	0
StressDiet_37	0	0	1	0	1	316	0	0	0	0	0	0	0	0	0	16	0	0	0	0	1	59	0	0	0	0	0	0	0	0	0	0	1	0	0	0	0	0	0	0	0	0	6	0	68	0	0	0	0	0	1	0	3	0	0	421	0	13	0	0	8	585	7830	0	0	0	0	0	0	0	0	0	0	0	0	0	0	0	0	3890	7712	0	9162	0	0	0	0	0	0	0	1	0	2	0	0	0	0	0	0	0	0	0	0	0	0	0	0	0	5	0	0	10	556	0	0	1	0	0	1	0	0	0	0	0	0	0	0	54	0	1	0	0	1	0	0	1189	64	0	0	0	0	0	0	0	14	0	1	0	0	0	0	0	0	0	0	0	0	0	0	0	0	0	1721
StressDiet_39	0	6	4	0	0	0	0	0	0	0	8	0	0	0	13	169	0	2	0	0	0	0	0	1	18	31	0	10	0	0	0	0	1	0	0	0	0	0	0	0	4	3	6	0	2	0	7	2	0	0	0	0	0	0	13	0	0	104	0	4	0	0	1	1	1	0	2	0	1	0	0	0	0	0	0	0	0	0	9	20	28367	0	9	1	0	2	0	1	0	0	5	0	0	0	0	0	0	0	0	0	0	0	1	0	0	0	0	0	42	0	0	5	203	4	0	1	0	9	1	5	0	0	4	1	0	0	0	0	0	15	1	0	0	1	0	16	0	0	0	0	0	0	0	0	0	0	9	0	0	0	0	0	0	8	0	0	0	0	2	0	0	0	0
StressDiet_4	0	0	0	0	0	0	0	0	0	0	0	4	0	0	0	11	0	0	0	0	0	0	0	0	21	15	0	20	0	0	0	0	0	0	0	0	0	0	0	3	10	3	7	0	2	0	6	0	2	0	120	5	4	0	28	0	0	7	2	1	0	0	0	0	10	0	0	0	1	0	0	0	0	0	0	0	0	0	2	398	57	28712	25	0	0	0	119	0	0	0	1	0	0	0	0	0	0	0	1	0	0	0	0	1	0	0	0	0	2	614	0	1	12	1	0	1	0	0	0	6	2	0	17	2	1	0	0	2	0	9	4198	0	3	0	1	568	0	0	0	0	0	0	0	0	1	0	4	0	0	0	0	0	0	419	0	3	0	0	0	7	0	2	0
StressDiet_40	0	84	6	0	0	1	0	0	0	0	1	0	0	671	0	637	3	57	2	0	92	14	0	0	98	111	25	82	11	49	0	0	1877	0	56	0	0	0	32	16	75	681	385	0	1533	0	386	0	2	29	236	143	667	75	1395	28	20	207	0	4	67	8	105	10	59	38	0	0	4	28	66	0	0	23	1897	40	2	0	164	657	8	609	27350	0	0	0	36	22	0	54	1	13	151	0	0	1	0	1	36	1611	11	58	37	0	34	0	0	6	404	9	0	4791	16006	5	0	1	0	21	2	381	0	0	215	324	0	0	12	22	0	38	12	6	417	0	0	3541	18	7	67	1937	0	85	27	175	1	2	3	1	8	23	421	472	0	2041	0	0	0	0	235	844	0	1	0
StressDiet_41	0	0	2	0	0	616	0	0	0	0	0	0	0	0	0	1101	0	0	0	0	0	41	0	0	0	0	0	0	0	0	0	0	93	0	0	0	0	0	0	0	0	0	2	0	474	0	0	0	0	0	0	0	1	0	0	1	0	38	0	0	283	173	3873	0	0	0	0	0	0	0	0	0	0	0	0	0	0	0	0	448	13	3	5815	52	0	0	1	36	0	0	0	14	4	0	0	0	0	0	0	0	2	0	0	0	0	0	0	2	259	665	0	1345	4500	0	0	0	0	0	0	0	0	0	0	0	0	0	12	0	0	5	5	1	28	0	0	924	0	1	555	0	0	133	0	0	14	0	0	0	0	0	0	0	0	15	0	0	0	7	0	0	0	0	0
StressDiet_42	0	1	0	0	0	0	0	0	0	0	1	0	0	0	0	0	0	0	0	0	0	0	0	0	0	0	0	0	0	0	0	0	0	0	0	0	0	0	0	0	0	0	6	0	1	0	0	0	0	0	1	0	0	0	0	0	0	1	0	0	5	0	1	0	0	0	0	0	0	0	0	0	0	0	0	0	0	0	0	179	9	0	29750	209	0	0	0	0	0	0	0	0	0	0	0	0	0	1	0	0	0	0	0	0	0	0	0	0	1	0	0	0	22	0	0	0	0	0	0	0	0	0	0	0	1	0	0	0	0	2	1	0	0	0	0	5	0	0	0	0	0	0	0	0	0	0	1	0	0	0	0	0	0	0	0	0	0	0	0	0	0	0	0
StressDiet_43	0	0	0	0	9	0	0	0	0	0	0	0	0	0	0	5	0	0	0	0	0	45	0	0	0	4	0	1	0	0	0	0	0	0	0	0	0	0	0	0	0	0	33	0	134	0	0	1	1	0	0	0	3	0	2	2471	0	26	1	1	5	0	0	0	0	0	1	0	3	0	0	0	0	0	0	0	0	0	0	39	21232	0	6	2	0	0	0	0	0	4	2	0	0	0	0	1	0	0	0	0	0	0	0	0	0	0	0	0	16	6	0	15	849	0	1	2	0	0	0	0	0	1	0	0	0	0	0	0	0	15	30	0	1	0	0	13	0	2	41	0	0	1	0	0	0	0	6	0	0	0	0	2	0	2	4	0	0	0	0	0	0	1	0
StressDiet_44	0	0	0	0	0	0	0	0	0	1	0	0	0	0	0	3	0	0	0	0	0	1	0	0	0	0	0	0	0	0	0	0	4	0	0	0	0	0	0	0	0	0	17	0	3	0	0	1	0	0	12	0	0	0	0	0	0	14	0	0	0	0	2	0	0	0	0	0	0	0	0	0	0	0	0	0	0	0	0	10	21	4	58453	2	0	0	0	0	0	0	0	0	0	0	0	0	0	0	0	0	0	0	0	0	0	0	0	0	2	0	0	0	44	1	0	1	0	0	0	0	0	0	0	0	0	0	0	0	12	7	4	2	0	0	0	10	1	0	2	0	0	0	0	0	0	0	0	0	0	0	0	0	0	0	0	0	0	0	0	0	0	0	1
StressDiet_45	0	16	15	0	0	0	0	0	25	0	1	0	0	0	0	87	0	1	0	0	0	2	0	0	20	3	0	16	0	0	1	0	10	50	0	4	0	0	0	35	4	4	97	0	4	1	1	10	0	0	13	0	6	0	13	2	0	23	1	0	262	2	22	86	0	0	1	39	691	0	0	0	0	2	0	32	7	15	6	517	55589	75	7	8495	0	92	47	1	8	1	5	0	3	18	0	44	0	12	0	0	0	0	3	14	7	0	0	0	20	12	3	485	365	269	0	9	0	0	0	9	1	67	0	1	2	43	0	0	0	1116	438	101	0	0	0	388	0	1	125	0	0	0	258	0	0	2	18	0	0	71	0	5	0	16	6	77	46	0	0	0	0	158	0
StressDiet_46	0	4	1	1	0	0	0	1	1	0	0	5	0	0	0	10	0	38	0	0	0	1	0	0	100	23	1	67	0	1	0	0	5	0	0	0	0	0	1	1307	16	19	208	0	7	0	19	11	1	0	141	7	0	0	160	1	0	60	1	8	3	0	1	0	16	0	1	0	10	0	0	0	0	64	0	8	1	0	19	271	25849	11	8	2	1	0	0	1	5	1	2	0	0	2	1	0	0	1	1	0	1	2	10	5	0	0	0	0	24	1	0	0	416	5	0	4	0	0	16	160	1	0	48	19	0	0	0	1	1	90	3	10	9	1	4	132	0	0	5	0	0	0	0	0	0	0	3	0	0	20	0	0	0	105	0	3	0	0	6	3	0	27	0
StressDiet_47	0	1	0	2	0	0	0	0	0	0	1	0	0	0	0	3	0	0	0	1	0	0	0	0	0	0	0	0	0	0	0	0	3	0	0	1	0	3	0	2	0	0	7	0	0	0	0	24	0	0	0	0	0	0	0	1	0	8	0	0	1	0	3	0	0	0	4	0	0	0	0	0	0	0	0	2	5	0	0	9	39200	3	11	1	0	0	0	0	0	0	1	0	0	0	0	0	0	1	0	0	0	0	0	1	0	0	0	0	2	0	0	0	12	2	0	1	0	0	0	0	1	0	0	0	1	0	0	0	5	11	0	29	0	0	0	32	0	0	1	0	0	0	0	0	0	0	3	0	0	5	0	0	0	0	0	0	0	0	0	0	0	8	0
StressDiet_48	0	0	0	0	0	1597	0	0	0	0	1	0	0	0	0	0	0	0	0	0	0	577	0	0	0	0	0	0	0	0	0	0	0	0	0	0	0	0	0	0	0	0	0	0	267	0	0	1	0	0	0	0	0	0	0	1390	0	0	0	0	0	1654	4014	0	0	0	0	0	1	0	0	0	0	0	1	0	0	0	0	1040	12	3	5051	1	0	0	0	0	0	0	0	0	0	0	0	0	0	0	0	0	0	0	0	0	251	0	0	0	0	0	0	0	3935	0	0	0	0	0	0	0	0	0	0	0	0	0	0	0	0	0	0	0	0	0	0	1690	630	0	0	0	0	0	0	0	97	0	0	0	0	0	0	0	0	0	0	0	0	0	0	0	0	0	2043
StressDiet_49	0	2	12	0	0	0	0	0	1	0	4	0	0	0	1	8	0	0	0	1	0	8	0	0	0	0	0	0	0	4	0	0	4	0	0	0	0	0	0	0	0	0	40	0	525	0	0	1	0	0	0	0	1	0	1	1	0	280	1	0	4	698	16395	3	0	0	0	0	11	0	0	382	0	0	0	0	0	1	0	1352	30	303	4	27924	0	2	0	21	0	2	7	0	4	0	0	8	0	0	0	0	0	0	0	0	0	0	0	0	20	0	0	4	4063	1	0	1	0	0	0	0	0	2	0	0	0	0	1	0	1	11	25	2	0	0	0	376	0	0	0	0	0	1	3	0	16	0	6	0	0	0	0	0	0	40	0	1	0	0	0	0	0	0	1
StressDiet_5	0	2	8	0	0	0	0	0	0	2	5	0	1	0	0	6	0	0	0	0	0	1	0	0	2	1	0	0	0	0	0	0	4	1	0	0	0	0	0	0	0	0	31	0	17	0	0	1	0	0	0	0	0	0	0	0	0	187	3	0	2	0	3	0	0	0	2	0	2	0	0	0	0	0	0	0	4	0	0	7	49930	5	5	3	0	3	0	0	4	0	3	0	0	0	0	4	0	0	0	0	0	0	0	0	0	0	0	0	18	27	0	0	175	15	0	1	0	0	0	0	0	3	0	1	0	0	1	0	0	38	13	2	0	14	0	18	0	2	1	0	0	0	0	0	0	0	4	0	0	0	0	0	0	1	0	0	0	0	0	0	0	7	0
StressDiet_50	0	1	34	0	0	1	0	0	0	0	2	0	0	0	2906	45	0	0	0	0	0	0	0	0	0	0	0	0	0	0	0	0	3	0	0	0	2	0	0	0	0	0	65	0	396	0	0	2	0	0	0	0	1	0	0	0	0	146	0	0	0	1	3	0	0	0	0	0	6	0	0	0	0	0	0	0	2	0	0	4439	17	4877	8	6487	0	0	0	0	0	0	0	0	10	0	0	0	0	2	0	0	0	0	0	1	0	0	0	0	56	0	0	5	15841	8	0	0	0	0	0	0	0	0	0	0	0	0	0	0	0	12	2	0	1	0	0	992	0	0	0	0	0	0	0	0	0	0	0	0	0	0	0	0	0	0	0	0	0	0	0	0	0	1	7087
StressDiet_51	0	0	0	0	0	0	0	0	0	4	5	0	0	0	0	2	0	0	0	0	0	0	0	0	4	0	0	0	0	1	0	0	0	0	0	0	0	0	0	1	0	0	13	0	1	0	0	1	0	0	2	0	0	0	2	0	0	5	1	0	1	159	772	0	0	0	0	0	0	0	0	0	0	0	0	0	0	0	0	7511	17245	0	15140	3	0	0	0	0	6	0	0	0	0	0	0	0	0	0	0	0	0	0	0	1	0	0	0	0	1	0	0	0	14	0	0	1	0	0	0	0	0	0	0	0	0	0	0	0	0	8	0	2	1	0	0	105	576	0	0	0	0	0	0	0	2	0	0	0	0	0	0	0	0	0	0	0	0	0	0	0	0	1	0
StressDiet_52	6	50	0	0	0	0	0	26	0	0	0	0	0	0	2	35	0	0	0	2	0	0	0	2	2	0	0	0	0	3	0	0	20	0	0	0	1	0	0	0	0	0	11	0	12	0	0	4	0	0	0	0	2	0	0	0	0	19	0	0	4	7	29	0	0	0	1	0	1	0	0	0	22	0	0	0	0	0	0	973	20	0	168451	574	0	0	0	0	0	0	5	0	0	0	0	3	0	0	0	0	3	0	0	3	0	0	0	0	7	4	0	21	249	1	0	3	0	0	0	0	2	4	0	3	0	0	0	1	33	7	2	13	0	1	0	90	9950	0	0	0	3	0	2	0	0	0	9	0	0	2	0	0	0	0	0	8	0	0	0	0	0	1	5
StressDiet_53	0	2	9	0	37	28	0	0	3	0	0	0	0	0	0	386	0	0	3	0	0	3	0	1	0	0	0	0	0	1	0	0	195	0	0	0	0	0	0	0	0	0	107	0	37	1	0	1	1	0	0	0	627	13	1	9	10	94	0	0	23	642	13434	323	0	0	0	85	468	0	0	0	0	0	0	0	0	0	0	1004	22	0	13899	1	0	5	1	0	3	1	5	0	0	0	7	11	0	2	0	0	0	0	0	0	1	0	0	1	243	16	0	59	1490	0	21	1	0	0	0	0	0	1	0	0	0	3	1	927	1	191	1517	8	0	0	0	867	3855	2	19	0	0	0	71	0	2	0	2	0	1	0	0	20	0	0	0	38	142	2	0	0	0	14	0
StressDiet_54	0	0	0	0	0	2	0	0	0	0	0	0	0	0	0	4	0	0	0	1	0	0	0	0	0	0	0	0	0	0	0	0	1	0	0	0	0	0	0	0	0	0	7	0	1	0	0	0	0	0	0	0	0	0	0	3	0	27	0	0	0	112	372	0	0	0	0	0	0	0	0	0	0	0	0	0	0	0	0	62	17	7	12238	0	0	0	19	0	0	0	0	0	0	0	0	0	0	0	0	0	0	0	0	0	0	0	0	0	2	0	0	2	63	3	0	0	0	0	0	0	0	0	0	0	0	0	0	0	0	1	0	1	0	0	0	79	0	0	0	0	0	3	0	0	0	0	0	0	0	0	0	0	0	0	0	0	0	0	0	0	0	0	0
StressDiet_55	0	0	0	0	0	0	0	0	0	0	1	0	0	0	0	8	0	0	0	1	0	0	0	0	0	3	0	0	0	4	3	0	0	0	0	0	0	0	0	0	0	0	0	0	3	0	0	0	0	0	1	0	2	0	0	0	0	12	1	0	76	28	162	1	0	0	0	0	37	0	0	0	0	0	0	0	0	0	0	20	39286	1	16	0	0	0	0	0	1	0	20	0	0	1	0	7	0	0	0	0	0	0	0	2	1	0	0	0	5	0	0	1	80	14	0	3	0	0	0	0	0	0	0	0	0	0	0	0	0	13	17	27	1	1	0	36	2889	0	0	0	0	5	1	0	0	0	17	0	0	1	0	0	0	1	0	0	0	0	0	0	0	3	0
StressDiet_56	0	0	1	1	0	0	0	0	0	0	1	0	0	0	1	25	0	0	0	0	0	0	1	0	0	0	2	2	0	0	0	0	20	0	0	0	0	0	0	3	0	1	33	0	2	0	0	1	0	0	4	0	2	0	0	9	0	23	2	0	6	6	25	1	0	0	0	0	0	0	0	0	0	0	0	0	0	0	0	157	24517	0	192	49	0	0	17	0	0	0	5	0	0	0	0	3	0	0	0	0	0	0	0	1	0	0	0	0	12	0	0	23	177	17	0	3	0	0	1	0	0	0	0	0	5	0	0	3	0	39	0	14	0	0	0	82	167	0	0	0	0	0	0	0	0	1	5	0	0	0	0	0	0	0	0	0	0	0	0	0	0	5	2
StressDiet_57	0	0	0	0	0	0	0	0	0	0	4	0	0	0	0	1	0	0	0	0	0	1315	0	2	0	0	0	0	0	0	0	0	1	0	0	0	0	0	0	0	0	0	2	0	137	0	0	1	1	0	0	0	0	0	0	3593	0	1	0	0	0	347	15833	2	0	0	3	1	2	0	0	0	0	0	0	0	0	0	0	758	18	2	15	5414	0	0	0	0	0	0	5	0	0	0	0	12	0	0	0	0	0	0	0	0	0	0	0	0	0	0	0	1	460	0	0	1	0	0	0	0	0	0	0	0	0	0	0	0	0	3	7	2	0	0	0	137	1833	0	914	0	0	0	1	0	198	0	2	156	0	0	0	0	0	0	0	0	0	0	0	0	0	1	0
StressDiet_58	0	0	0	0	0	291	0	0	0	0	0	0	0	0	0	0	0	0	1	0	0	279	0	0	0	0	0	0	0	0	0	3	2	0	0	0	0	0	0	0	0	0	0	0	381	0	0	0	0	0	0	0	0	0	0	1342	0	1	0	0	7	107	1135	12	0	0	0	0	0	0	0	0	0	0	2	0	0	0	0	329	14	1	5103	3	0	0	0	0	0	9	0	0	0	140	0	0	0	0	0	0	0	0	0	0	141	0	0	1	104	43	0	875	5695	0	0	0	0	0	0	0	0	0	0	0	0	245	0	9206	0	0	0	3	0	0	0	198	0	0	0	0	0	77	0	0	42	0	0	607	0	0	0	0	0	4	0	2	0	0	0	2910	0	0	737
StressDiet_59	2	3	0	0	0	0	0	0	0	0	1	0	0	0	0	154	0	0	0	0	0	3	0	0	2	1	0	0	0	0	1	0	53	1	0	0	1	0	1	4	0	1	12	0	58	0	1	1	0	0	5	0	78	1	8	0	0	23	0	0	57	214	1635	0	1	0	1	0	33	0	0	0	0	0	43	0	0	0	0	1648	14966	2658	11	2	0	0	0	0	3	6	4	0	16	0	1	9	0	0	0	0	1	0	0	24	0	0	0	0	11	0	1	56	1168	7	0	11	0	0	0	0	0	2	0	0	0	0	1	0	0	25	17	23	0	0	0	171	331	2	0	0	0	0	0	0	11	0	3	0	0	1	0	1	0	10	0	141	4	1	0	1	0	3	0
StressDiet_6	0	0	11	0	0	0	0	0	0	0	7	0	0	0	0	14	0	0	0	0	0	0	0	0	2	0	0	0	0	1	0	0	0	0	0	0	0	0	0	0	0	0	2	0	1	0	0	0	0	0	3	0	3	0	0	1	0	57	2	0	0	0	4	0	0	0	0	0	0	0	0	0	0	0	0	0	0	0	0	155	42	28067	14	2	0	0	0	0	0	0	0	0	0	0	0	0	0	0	0	0	0	0	0	1	0	0	71	0	4	0	0	1	6419	1	0	0	0	0	0	0	0	2	0	0	0	0	0	0	0	10	0	3	0	0	0	3	0	0	0	0	0	0	0	0	0	0	1	0	0	0	0	0	0	0	0	0	0	0	0	0	0	1	1
StressDiet_60	0	0	0	0	0	0	0	0	0	0	0	0	0	0	0	1	0	0	1	0	0	0	1	1	1	0	0	0	0	0	0	0	5	0	0	0	0	0	0	0	0	0	2	0	0	0	0	0	0	0	6	0	0	0	0	2	0	3	1	0	0	2	15	0	0	0	0	0	0	0	0	0	0	0	0	0	0	0	0	21	10	3	14789	0	0	0	0	0	0	0	2	0	1	0	0	0	0	0	0	0	0	0	0	0	0	0	0	0	6	0	0	0	13	2	0	0	0	0	0	0	0	0	1	0	0	0	0	0	0	0	2	2	0	0	0	5	6	0	0	0	0	0	0	0	0	0	2	0	0	0	0	0	0	0	0	0	0	0	0	1	0	0	1
StressDiet_61	0	0	0	0	0	436	0	0	0	0	0	0	0	0	0	4	0	0	0	0	1	13	0	0	0	0	0	0	0	0	0	0	0	0	0	0	0	0	0	0	0	0	1	0	36	0	0	0	0	0	0	0	0	0	0	57	0	5	0	0	0	342	2623	0	0	0	0	0	0	0	0	0	0	0	0	0	0	0	0	851	7	0	7487	113	0	0	0	0	0	0	0	0	0	939	0	0	0	0	0	0	0	0	0	0	0	0	0	0	7	6	0	0	182	0	0	0	0	0	0	0	0	0	0	0	0	0	0	0	0	0	0	8	0	0	0	1057	88	0	0	0	0	0	0	0	2	0	2	2	0	0	0	0	0	0	0	0	0	0	0	0	0	0	2164
StressDiet_62	0	5	2	0	0	0	0	0	0	1	0	0	0	0	0	9	0	0	0	0	0	0	0	0	0	0	0	0	0	1	0	0	2	0	0	0	0	0	0	420	0	0	54	0	13	0	0	2	0	0	0	0	2	0	0	0	0	29	2	0	0	0	0	0	0	0	0	0	1	0	0	0	0	0	0	0	0	0	0	18	13	1	13452	0	0	0	0	0	2	1	0	0	0	0	0	0	0	0	0	5	0	0	0	0	0	0	0	0	4	2	0	1	198	0	0	0	0	0	0	0	0	0	0	0	0	0	0	0	2	28	0	0	6	0	0	22	0	0	0	0	0	0	0	0	0	0	0	0	1	0	0	0	0	3	0	0	0	0	0	0	0	4	0
StressDiet_63	0	0	0	0	0	3	0	0	0	0	2	0	0	0	0	35	0	0	0	0	3	5	0	0	0	1	0	1	0	5	0	0	380	0	0	0	0	3	0	0	0	0	28	0	134	0	0	0	0	0	0	0	2	0	0	0	0	139	0	0	212	3	5	0	0	0	0	0	2	0	0	0	0	0	12	0	0	0	0	783	874	0	5065	34	0	0	0	20	0	10	0	0	1	0	0	0	0	1	0	0	7	0	0	0	1	0	0	0	45	4	0	7	1368	2	0	0	0	0	0	0	0	0	1	0	0	0	0	0	0	13	0	30	3	0	0	77	286	0	0	0	0	0	0	0	0	0	1	0	1	0	0	0	0	4	0	4	0	0	11	3	0	5	0
StressDiet_64	0	0	15	1	0	0	0	0	0	0	5	0	0	0	15	133	0	0	0	0	0	1	0	1	0	0	0	1	0	0	0	0	0	0	0	0	0	3	0	0	0	0	553	0	8	1	0	0	0	0	4	0	11	0	0	0	0	298	0	0	0	0	0	0	0	0	3	0	0	0	0	0	0	0	0	0	0	0	0	72	27133	1	1	1	0	0	0	0	0	0	14	0	2	0	0	0	0	0	0	0	0	0	0	0	0	0	0	0	7	0	0	2	220	20	0	4	0	0	0	0	2	0	0	0	3	0	0	0	0	789	43	8	0	0	0	91	0	0	7	0	0	0	1	0	0	0	3	0	5	0	0	0	0	0	1	24	0	0	0	0	0	163	0
StressDiet_65	0	0	2	0	0	39	0	0	0	0	1	0	0	0	4	304	0	0	0	0	0	388	0	2	0	0	0	0	0	0	0	0	47	0	0	0	0	0	0	1	0	0	7	0	89	0	0	0	0	0	2926	0	0	2	0	2826	0	84	0	0	0	188	2494	0	0	0	0	0	0	0	0	0	0	0	0	0	0	0	0	2	12	0	3	1	0	0	0	1	0	0	0	0	1	0	0	0	0	0	0	0	0	0	0	0	0	0	0	0	65	0	1	153	752	2	2	0	0	0	0	0	0	0	0	0	3	0	0	0	0	80	14	4	0	0	0	104	524	0	0	0	0	0	0	0	106	0	0	0	0	92	0	0	0	17	0	0	0	0	0	0	0	0	1
StressDiet_66	0	1	9	1	0	0	0	0	0	0	0	0	0	0	0	84	0	5	0	0	0	0	0	0	5	15	0	10	1	0	0	0	1	0	0	0	0	0	0	0	0	1	27	0	31	0	3	7	0	0	20	0	0	0	6	0	0	152	0	2	1	1	6	2	4	0	1	0	6	0	0	0	0	0	0	0	1	0	2	296	21470	0	2	128	0	1	0	0	7	0	3	0	0	0	0	10	0	0	0	0	0	0	0	3	0	0	0	0	27	0	0	1	342	6	0	0	0	3	0	0	0	15	3	1	0	1	0	0	0	29	15	7	13	0	0	25	0	0	8	0	0	0	2	0	0	0	1	0	0	0	0	0	0	18	1	5	2	0	0	0	0	8	0
StressDiet_67	0	0	1	0	0	0	0	0	0	0	0	0	0	0	0	45	0	0	0	0	0	0	0	2	2	0	0	0	0	0	1	0	19	0	0	0	0	0	0	2144	0	0	1	0	8	1	0	0	1	0	2	0	0	0	0	0	0	94	0	0	1	0	1	0	0	0	0	0	1	0	0	0	0	0	0	0	1	0	0	282	20587	0	4	0	0	0	0	0	2	0	0	0	0	0	4	0	0	2	0	0	11	0	0	1	0	0	0	0	32	0	0	0	182	1	0	1	0	0	0	0	0	0	0	0	1	0	0	0	0	9	0	2	0	4	0	148	0	1	9	0	0	0	0	0	0	0	5	0	0	0	0	0	2	0	2	4	0	0	0	0	0	0	0
StressDiet_68	0	0	120	0	8	0	0	0	0	0	3	0	0	0	0	11	0	0	3	0	0	145	0	0	0	338	0	0	0	0	0	0	5	0	0	0	0	0	0	1109	0	0	18	0	509	0	0	1	38	0	8	0	0	0	0	1095	0	2048	1	0	0	266	4566	6	0	0	0	0	0	0	0	0	0	0	0	0	0	0	0	792	18841	713	9	0	0	0	27	0	0	0	2	0	24	598	1	1	0	0	0	0	0	0	0	0	0	0	0	64	1642	589	0	1	5361	1	0	0	0	0	0	0	0	0	0	0	0	0	1	0	0	23	934	5	5	0	0	331	0	8	613	0	0	0	1	0	28	0	2	0	0	2	0	0	0	32	65	0	0	0	0	0	0	2	0
StressDiet_69	0	1	0	0	0	1	0	0	0	1	0	0	0	0	0	33	0	0	0	2	0	0	0	0	6	10	0	1	0	0	0	0	1	0	0	0	0	0	0	0	1	0	0	0	2	0	1	1	0	0	0	0	1	0	3	1	0	18	2	0	0	0	0	0	4	0	0	0	1	0	0	0	0	0	0	0	0	0	2	36	44348	27	1	3	0	0	0	0	0	2	3	0	0	0	1	0	0	1	0	0	1	0	0	0	0	0	0	2	56	0	0	15	39	1	0	0	0	0	0	2	0	1	3	2	2	0	0	0	0	0	0	1	0	0	0	10	0	0	0	0	0	0	0	0	0	0	5	0	0	0	0	0	0	6	0	0	0	0	0	3	0	1	0
StressDiet_7	0	3	4	0	1	0	0	0	0	0	2	0	0	0	1	79	0	0	0	0	0	14	0	0	1	0	0	1	0	0	0	0	29	0	0	0	2	0	0	0	0	0	15	0	59	0	0	5	6	0	1	0	3	5	0	12	0	171	0	0	131	848	5350	104	0	0	0	14	534	0	0	0	0	0	77	0	0	1	0	24260	42408	20	70303	84	0	14	0	0	2	13	1	0	0	0	0	49	0	2	0	0	26	0	0	5	0	0	0	5	285	26	0	162	1105	3	0	2	0	0	0	0	0	50	0	0	0	0	1	0	1	97	409	7	30	1	0	1044	1637	1	48	0	0	1	24	0	3	2	8	0	0	0	0	33	0	8	0	18	38	0	0	24	0	19	0
StressDiet_70	0	1	25	0	0	3	0	0	0	0	0	0	0	0	706	489	0	0	0	2	0	15	0	0	2	0	0	0	0	0	0	0	2	0	0	0	0	0	0	0	0	0	48	0	313	0	0	0	0	0	0	0	0	4	0	13107	0	141	0	0	98	0	3	0	0	0	1	0	0	0	0	0	0	0	0	0	0	0	0	2	109	3	8	4	0	0	1292	5	0	1	7	0	0	0	0	1	0	1	0	0	0	0	0	1	0	0	0	0	146	3	0	0	897	2	0	0	0	0	0	0	0	0	0	0	7	0	0	0	0	28	458	16	1	0	0	39	5278	0	34	0	0	0	3	0	0	0	22	0	0	1	0	0	0	2	0	1	0	0	0	0	0	0	0
StressDiet_71	0	1	0	0	0	0	0	0	0	0	3	0	0	0	0	29	0	23	0	0	0	0	0	6	30	0	0	34	0	0	0	0	45	0	0	0	0	0	0	0	1	4	1	0	18	0	12	0	0	0	3	0	9	2	97	6	0	20	0	0	2	608	7669	0	0	0	1	0	1	0	0	0	0	0	0	0	0	0	10	4144	6904	1	13632	214	0	0	13	0	0	1	1	0	0	0	0	1	0	1	0	0	0	0	0	0	0	0	0	0	4	0	0	25	260	2	0	2	0	0	2	2	0	0	1	0	0	0	0	1	0	33	2	1	4	0	0	733	0	0	0	0	0	0	0	0	5	0	16	0	0	4	0	0	1	20	0	0	0	0	0	0	0	9	0
StressDiet_72	0	0	65	1	0	0	0	0	0	0	9	0	0	0	0	16	0	0	0	0	0	0	0	6	1	2	0	0	0	0	0	0	156	0	0	0	0	2	0	0	0	0	12	0	223	1	0	0	0	0	0	0	0	0	0	0	0	278	0	0	0	0	1	0	0	0	2	0	2	0	0	29	0	0	67	0	0	0	0	109	43799	1	2	2	0	0	0	4	0	10	12	0	0	0	0	1	0	1	0	0	7	0	0	0	0	0	0	0	130	0	5	6	2897	5	0	0	0	0	0	0	5	0	0	0	7	0	5	1	2	12	14	22	0	0	0	89	0	3	0	0	0	0	0	0	0	0	30	0	0	1	0	0	0	0	0	0	0	0	0	0	0	1	0
StressDiet_73	0	1	38	0	0	0	0	0	0	0	3	0	0	0	1	142	0	0	0	0	0	0	0	0	0	1	0	0	0	0	0	0	1	0	0	0	0	0	0	0	0	0	11	0	84	0	0	1	0	0	114	0	0	0	1	1	0	61	4	0	0	1	1	0	0	0	0	0	2	0	0	0	0	0	0	0	0	0	0	378	28897	1	6	1290	0	0	73	22	0	1	2	0	0	0	1	0	0	1	0	0	0	0	0	0	0	0	0	0	19	0	0	0	2471	3	0	0	0	0	0	0	0	0	0	0	0	0	1	0	0	72	2	7	1	0	0	28	0	3	1	0	0	0	0	0	0	0	7	0	0	0	0	0	0	1	0	1	0	0	0	0	0	21	0
StressDiet_74	0	0	0	0	0	0	0	0	0	0	2	0	0	0	0	5	0	0	0	0	0	0	0	0	0	0	0	0	0	0	0	0	4	0	0	0	0	0	0	2668	0	0	2	0	0	1	0	12	0	0	0	0	0	0	0	1	0	1	0	0	0	0	2	0	0	0	1	0	0	0	0	0	0	0	2	0	0	0	0	469	54624	67	2	4	0	1	53	0	3	1	1	0	0	0	0	0	0	1	0	0	0	0	0	0	0	0	0	1	3	0	0	1	16	3	0	0	0	0	0	0	0	4	0	0	0	0	0	0	4	8	0	4	0	0	0	211	0	0	0	0	0	0	0	0	0	0	10	0	0	0	0	0	0	0	0	16	0	0	0	0	0	3	1
StressDiet_75	0	2	23	0	0	0	0	0	0	0	0	0	0	0	0	50	0	0	0	1	0	19	0	0	0	15	13	0	0	0	0	0	242	1	0	0	0	0	0	0	0	0	81	0	406	0	0	3	1	0	2	0	50	0	0	0	0	299	0	0	177	61	506	2	0	0	0	0	7	0	0	0	0	0	373	0	3	0	0	3831	25125	32	6882	0	0	0	0	19	4	30	0	0	21	0	1	1	0	0	0	0	50	0	0	1	4	0	0	2	269	3	0	103	4085	1	0	0	0	0	0	0	1	3	0	0	1	0	4	0	1	303	9	1	0	0	0	141	0	10	0	0	0	10	0	0	1	0	3	0	0	0	0	0	1	16	0	1	0	3	0	6	0	38	2
StressDiet_76	0	0	7	0	0	1041	0	0	0	0	0	0	0	0	0	9	0	0	0	0	0	0	0	0	1	0	0	0	0	0	0	0	0	0	0	0	0	2	0	0	0	0	21	0	36	0	0	0	0	0	0	0	0	0	0	0	0	80	0	0	0	113	14651	0	0	0	0	0	0	0	0	0	0	0	0	0	0	0	0	3	15	1	9	0	0	0	0	1	0	0	0	0	0	0	0	1	0	5	0	0	0	0	0	0	0	0	0	0	28	20	0	0	868	0	0	0	0	0	0	0	0	0	0	0	0	0	0	0	0	2	6043	0	5	0	0	40	3729	0	0	0	0	2	0	0	0	0	2	0	0	0	0	0	0	3	0	5	0	0	0	0	0	0	0
StressDiet_77	0	1	1	0	0	0	0	2	0	0	7	0	0	0	0	4	0	0	0	2	1	0	0	1	0	0	0	0	0	1	0	0	0	0	0	0	0	0	0	0	0	0	14	0	0	0	0	3	0	0	0	0	0	0	0	0	0	3	0	0	0	1	1	0	0	0	0	0	2	0	0	0	0	0	0	0	6	0	0	60	16627	0	2	862	0	0	0	0	2	0	2	0	0	0	0	0	0	3	0	0	0	0	0	11	1	0	0	0	8	0	2	0	2	2	0	2	0	0	0	0	1	0	0	0	0	0	0	0	0	58	0	1	0	0	0	17	0	0	0	0	0	0	0	0	0	0	9	0	0	0	0	0	0	0	0	0	0	0	0	0	0	17	0
StressDiet_78	0	0	24	0	0	0	0	0	0	0	5	0	0	0	0	441	0	0	0	0	2	0	0	0	17	0	0	0	0	5	0	0	32	0	0	0	0	0	0	0	0	0	21	0	36	0	1	2	3	0	2	0	2	0	0	0	1	340	0	0	14	696	4621	4	0	0	0	0	29	2	0	0	0	0	1	0	0	0	0	1540	24483	826	2	5273	0	0	10	0	0	3	3	0	7	0	0	0	0	0	0	0	0	0	0	19	0	0	0	0	67	14	0	13	989	6	0	0	0	0	0	0	0	0	0	0	5	0	0	0	0	8	338	0	0	0	0	611	0	3	7	0	0	0	0	0	19	0	4	0	0	0	0	0	0	26	2	0	6	1	0	2	0	0	0
StressDiet_79	0	13	9	0	0	2	0	1	0	0	7	0	0	0	0	15	0	0	0	0	0	0	0	0	1	368	0	0	0	1	0	0	1	0	0	0	0	0	0	0	0	0	10	0	7	0	0	27	0	0	0	0	4	0	0	0	0	6	0	0	0	0	1	0	0	0	1	0	0	0	0	0	0	0	0	0	3	0	0	9	15040	0	1	1	0	0	0	0	0	0	2	0	5	0	0	0	0	0	0	0	0	0	0	5	0	0	0	0	3	0	0	4	43	80	0	1	0	0	0	0	1	0	0	0	0	0	0	0	0	47	1	94	0	0	0	68	0	1	0	0	0	0	0	0	0	0	11	0	0	2	0	0	0	8	0	3	0	0	0	0	0	9	0
StressDiet_8	0	3	12	0	0	0	0	0	0	0	0	0	0	0	0	15	0	0	0	0	0	0	0	0	0	3	0	1	0	0	0	0	3	0	0	0	0	1	0	0	0	0	12	0	0	0	0	0	13	0	103	0	0	0	0	0	0	73	1	0	0	0	5	1	0	0	0	0	2	0	0	0	0	0	0	0	0	0	1	14	26	2	64411	5	0	0	0	0	0	0	0	0	0	0	0	0	0	1	0	0	0	0	0	0	0	0	0	0	4	0	0	0	7	3	0	1	0	0	0	0	0	0	0	0	0	0	0	0	1	67	18	1	1	3	0	10	0	0	1	0	0	0	0	0	0	0	7	0	0	0	0	0	0	14	0	0	0	0	0	0	0	8	0
StressDiet_80	0	28	7	2	0	0	0	0	0	0	32	0	0	0	0	0	0	0	0	0	0	0	0	0	0	0	0	0	0	0	0	0	0	0	0	0	0	1	0	0	0	0	3	0	0	1	0	19	0	0	5	0	0	0	0	0	0	2	4	0	0	0	1	0	0	0	3	0	1	0	0	0	0	0	0	0	0	0	0	12	34335	3	1	1	0	0	18	0	0	0	8	0	0	0	0	0	0	0	0	0	0	0	0	0	0	0	0	0	0	0	4	0	2	1	0	6	0	0	0	0	0	0	0	0	0	0	0	0	0	27	0	1	0	0	0	46	0	0	2	0	0	0	0	0	0	0	28	0	0	0	0	0	0	1	0	6	0	0	0	0	0	3	0
StressDiet_81	0	1	0	0	0	0	27	0	0	0	31	2	0	0	0	11	0	0	0	0	0	0	0	0	11	1	0	0	0	0	0	0	48	0	0	0	1	0	0	0	0	2	8	159	73	1	0	0	0	0	0	0	6	0	11	0	0	32	0	2	30	598	24171	0	6	0	1	0	4	0	0	0	0	0	5	0	0	0	4	2532	19	24300	4	0	0	0	0	21	0	0	20	0	1	0	0	0	0	11	1	0	2	0	1	0	0	0	0	0	29	2	0	24	443	5	0	0	0	0	0	0	2	0	4	1	0	0	0	0	0	1	6	34	7	0	0	432	0	0	0	0	0	0	0	0	210	0	15	0	0	74	0	0	0	21	0	11	0	0	0	11	18	0	0
StressDiet_82	0	6	0	0	10	10	0	3	0	0	0	7	0	0	0	52	1	15	0	7	0	7	0	0	267	10	0	37	0	0	1	0	119	0	0	1	0	0	7	0	2	0	58	0	347	0	12	4	0	0	4	9	0	0	148	0	0	439	4	31	320	0	0	0	56	0	2	0	15	0	0	0	0	2	61	0	12	1	47	10	42	0	3	5	1	0	0	0	12	0	29	0	0	0	9	0	0	2	3	0	5	0	0	4	0	0	0	0	174	2	0	0	2761	312	5	12	0	0	0	23	0	7	27	2	17	0	0	2	0	170	9661	38	16	1	0	73	0	2	146	0	0	0	0	0	0	0	28	0	0	5	0	0	2	136	0	0	1	0	0	1	0	0	5
StressDiet_83	0	13	19	1	0	0	0	0	0	0	4	0	0	0	2	1015	19	0	2	1	0	16	0	0	12	6	0	4	0	0	0	0	285	0	0	0	3	1	0	0	1	1	29	0	336	0	0	14	0	0	0	1	278	0	3	0	0	2160	0	3	2	0	0	0	1	0	2	0	16	0	0	0	0	0	67	0	0	0	0	107	31697	0	3	2	0	0	0	18	2	5	4	2	25	0	0	0	0	6	0	0	120	0	0	6	1	0	0	0	925	0	0	335	3008	40	0	13	0	10	0	0	0	0	1	1	4	5	9	0	0	35	1	13	0	0	0	475	0	18	0	0	0	0	46	0	0	31	12	0	0	0	0	0	0	340	0	0	1	5	0	20	0	6	1
StressDiet_84	0	0	0	0	0	0	0	0	0	0	0	0	0	0	0	117	0	0	0	0	0	0	0	0	0	0	0	0	0	0	0	0	5	0	0	1	0	0	0	0	0	0	20	0	89	2	0	0	33	0	30	0	1	0	0	0	0	123	0	0	2	2	4	0	0	0	0	0	1	0	0	0	0	0	0	0	0	0	0	31	113063	1	41	1	0	0	0	0	0	0	12	0	0	0	1	1	0	0	0	0	0	0	0	0	0	0	0	0	21	0	1	4	1115	8	0	0	0	0	0	0	0	1	0	0	3	0	0	0	0	309	7	40	0	1	0	162	0	1	32	0	0	0	0	0	1	0	18	0	0	0	0	0	0	2	4	5	1	0	0	0	0	57	0
StressDiet_85	0	1	1	0	0	0	0	0	0	0	10	0	0	0	0	2	0	0	0	2	0	0	0	0	0	0	0	1	0	1	0	0	2	0	0	0	0	0	0	159	0	0	19	0	6	1	0	0	0	0	1	0	1	0	0	4	0	21	1	0	0	1	5	0	0	0	0	0	1	0	0	0	0	0	0	0	1	0	0	288	23190	0	7	6024	0	0	75	0	2	0	3	0	3	0	0	0	0	0	0	0	0	0	0	0	0	0	0	0	3	1	0	0	17	5	0	0	0	0	0	0	0	0	0	0	0	0	0	0	0	5	0	4	1	0	0	41	0	0	0	0	0	0	1	0	0	0	12	0	0	1	0	0	2	1	0	0	0	0	0	0	0	0	0
StressDiet_86	0	53	2	0	0	7	0	0	0	60	17	1	0	0	0	294	1	1	0	3	145	3	0	1	58	3	0	0	20	143	0	0	105	0	0	0	2	0	0	1	0	0	1054	0	51	1	1	1	1	0	3	0	313	13	6	56	10	46	1	0	149	224	1770	0	0	0	3	0	1	198	0	0	0	0	78	0	0	0	2	146	41480	5	5	3	0	0	23	0	14	5	12	0	16	0	2	3	173	1	0	0	2	0	1	0	3	0	0	5	182	3	0	206	667	11	1	43	0	0	1	0	2	0	0	4	0	0	0	11	4	894	1	7	2	0	0	302	0	1	0	0	5	6	4	0	3	23	32	0	0	0	0	4	0	30	0	0	0	17	0	25	0	134	2
StressDiet_88	0	27	1	0	0	0	0	0	0	0	17	0	0	0	0	24	0	5	0	1	0	0	0	7	42	0	0	3	0	101	0	0	20	0	0	0	0	2	0	0	0	1	304	0	1	3	0	2	3	0	33	0	0	0	1	0	0	0	0	1	3	9	55	0	0	0	0	0	4	0	0	1	0	0	0	9	22	0	0	962	46384	3	880	2	0	0	0	0	10	0	11	0	0	0	0	2	0	0	0	0	0	0	1	1	0	0	0	0	12	0	4	0	44	8	0	6	0	0	0	1	0	0	0	0	0	0	0	0	0	106	26	3	0	0	0	57	36	0	7	0	0	0	0	0	1	0	27	0	8	11	0	0	1	3	0	0	0	0	0	0	0	27	0
StressDiet_89	0	0	40	0	0	45	0	0	0	0	1	0	0	0	0	1694	0	0	0	0	0	7	0	0	0	0	0	0	1	19	0	0	25	0	0	0	0	0	0	0	0	0	538	0	485	0	0	0	1071	0	35	0	5	103	0	0	2	772	0	0	272	1	0	362	0	0	0	0	3	0	0	0	0	0	0	0	0	0	0	2045	29	5705	7	0	0	0	0	1	1	0	4	0	5	0	9	0	0	0	0	0	3	0	0	4	0	0	0	0	149	14	1	5	2173	0	2	1	0	0	0	0	0	0	1	0	0	0	0	0	0	694	3813	6	123	0	0	350	1701	1	0	0	0	0	0	0	0	0	0	0	0	0	0	0	0	570	0	5	0	1	0	1	0	27	0
StressDiet_9	0	0	0	0	0	0	0	0	0	0	0	0	0	0	0	659	0	0	10	0	0	10	0	0	1	0	0	0	0	0	0	0	310	1	0	0	0	0	0	0	1	0	17	0	64	0	0	0	0	0	1	0	839	2	0	0	5	114	0	0	12	1	16	8	0	0	0	1	3	0	0	0	0	0	13	0	0	1	0	382	5	0	16685	1	0	0	0	7	0	100	0	0	85	0	27	2	0	0	0	0	70	0	0	0	0	0	0	65	2039	14	0	2169	3008	0	2	0	0	0	0	0	0	1	0	0	0	2	0	20	0	8	54	4	1	0	0	1055	9	9	4	0	0	0	2	0	0	4	0	1	0	0	0	2	0	18	0	4	2	23	0	0	0	0	75
StressDiet_91	3	0	0	0	0	0	0	0	0	0	10	0	0	0	0	30	0	0	0	0	0	0	0	0	3	0	0	0	0	0	0	0	0	0	0	0	0	0	0	0	0	0	4	0	7	0	0	0	0	0	0	0	0	0	0	0	0	23	0	0	33	0	0	0	0	0	0	0	0	0	0	0	0	0	1	0	0	0	0	14586	17112	1024	67865	2	0	0	0	0	1	1	4	0	0	0	0	0	0	3	0	0	1	0	0	0	0	0	0	0	8	0	0	3	80	1	0	0	0	0	0	0	0	0	0	0	0	0	0	0	0	2	0	6	1	0	0	18	0	0	0	0	0	0	0	0	0	0	3	0	0	0	0	0	0	1	0	0	0	0	0	1	0	0	0
StressDiet_92	0	0	0	0	0	0	0	0	0	1	6	0	0	0	0	14	0	0	0	0	0	3	0	0	0	0	0	0	0	0	0	0	5	0	0	0	0	0	0	0	0	0	37	0	5	0	0	2	0	0	0	0	0	0	0	0	0	20	0	0	0	0	0	0	0	0	0	0	3	0	0	0	0	0	0	0	0	0	0	7592	14184	0	17723	77	0	0	0	0	0	1	5	0	0	0	0	0	0	0	0	0	3	0	0	1	0	0	0	0	11	0	0	0	242	4	0	2	0	0	0	0	1	0	0	0	4	0	1	0	0	15	1	4	0	0	0	9	1	0	0	0	0	0	0	0	0	0	2	0	0	0	0	0	0	0	0	0	0	0	0	0	0	11	0
StressDiet_93	0	2	23	1	0	0	0	0	0	0	12	0	0	0	0	3	0	0	0	0	0	0	0	1	0	0	0	0	0	0	0	0	13	0	0	0	1	0	0	0	0	0	7	0	159	0	0	3	0	0	1528	0	0	0	0	0	0	395	4	0	0	0	1	0	0	0	0	0	1	0	0	0	0	0	0	16	4	0	0	29	39622	0	9	1	0	0	0	0	0	0	7	0	0	0	0	0	0	1	0	0	0	0	0	5	0	0	0	0	85	0	0	0	818	7	0	4	0	0	0	0	0	0	0	0	0	0	0	0	1	22	2	8	0	0	0	33	0	9	1	0	0	0	2	0	0	0	3	0	0	1	0	0	0	0	0	0	0	0	0	0	0	5	0
StressDiet_94	0	0	0	0	0	245	0	0	0	0	0	0	0	0	0	53	0	0	10	0	0	287	0	0	0	0	0	0	0	0	0	62	16	0	0	59	0	0	0	0	0	0	0	0	988	0	0	0	0	0	0	0	0	0	0	762	0	0	0	0	1592	180	3452	131	0	0	0	0	0	0	0	0	0	0	0	0	0	0	0	40	128	5	102	1	0	0	0	0	0	1	0	1	0	339	0	0	0	0	0	0	0	0	0	0	550	0	0	0	8	9	0	1420	8216	0	0	0	0	0	0	0	0	0	0	0	0	0	0	10830	0	3	0	0	0	0	0	238	320	0	0	0	0	429	0	0	59	0	0	495	0	0	0	0	0	50	0	0	0	0	0	746	0	0	995
StressDiet_95	12	15	5	0	0	0	0	0	0	1	22	0	0	0	54	70	0	0	0	0	0	37	5	1	0	12	0	0	0	0	2	0	28	0	0	0	0	11	0	4318	0	0	11	0	71	2	0	16	1	0	155	0	0	0	3	100	0	169	1	0	128	261	2693	0	1	0	6	0	1	0	0	0	0	0	1	0	1	0	0	709	22034	69	29	49	0	0	0	0	0	7	3	0	0	0	0	0	0	14	0	0	0	0	0	48	1	0	0	0	60	16	0	5	2266	7	0	6	11	0	0	0	1	0	0	0	0	0	0	33	7	945	17	14	55	0	0	478	0	1	1	0	0	3	2	0	2	0	15	2	1	2	0	0	0	2	1	0	0	0	1	5	0	143	165
StressDiet_96	7	2	0	0	0	22	0	0	1	1	3	0	0	0	2	884	0	0	3	0	193	5	17	0	1	2	0	0	0	237	0	0	554	0	0	0	2	0	0	3	0	0	1976	0	426	2	0	7	1	0	1	0	537	2	0	11	3	584	0	0	89	134	522	1	0	10	0	0	3	57	0	51	0	0	856	0	0	0	0	175	17	3	46122	2	0	1	1	77	4	36	1	22	1	1	33	0	2	3	0	755	142	0	0	3	4	0	0	10	573	0	0	753	6965	5	2	1	0	0	0	0	0	0	0	0	3	0	4	143	0	13	1	11	0	0	0	224	1	24	0	0	0	94	0	0	0	29	0	4	5	0	0	0	0	107	0	2	0	13	0	2	0	2	3
StressDiet_97	0	3	2	0	0	0	0	0	1	0	6	0	0	0	0	24	0	0	0	0	0	3	0	0	1	0	0	0	0	0	0	0	23	0	0	1	0	0	0	0	0	0	1	0	3	0	0	3	2	0	3	0	3	0	0	1	0	39	0	0	9	19	78	7	0	0	2	0	21	0	0	0	0	0	0	166	2	0	0	11675	10304	1	68079	964	0	1	100	1	0	0	5	0	0	0	0	5	0	0	0	0	1	0	0	4	0	0	0	0	7	1	1	5	115	17	0	7	0	1	0	0	0	19	0	0	0	0	0	21	0	20	10	36	0	0	0	60	4215	1	0	0	0	0	0	0	0	0	24	2	0	14	0	2	0	0	0	8	0	0	0	0	0	5	0
StressDiet_98	0	2	3	0	0	0	0	0	0	0	2	0	1	0	4	13	0	0	0	0	0	0	1	0	1	0	0	0	0	0	0	0	81	0	0	0	0	0	0	0	0	0	10	0	56	0	0	0	0	0	0	0	1	0	0	4	0	31	0	0	2	519	5452	0	0	0	0	0	1	0	0	0	0	0	0	0	0	0	0	1321	1143	1	17334	5	0	0	0	7	1	1	6	0	0	0	0	1	0	0	0	0	0	0	0	2	1	0	0	0	16	2	0	1	3773	1	0	1	0	0	0	0	0	1	0	0	1	2	0	11	0	7	10	0	36	0	0	399	1214	0	3476	0	0	0	0	0	63	0	2	41	0	0	0	0	0	14	15	0	0	0	0	2	0	0	0
StressDiet_99	0	0	0	0	0	0	0	0	0	0	2	0	0	0	0	4	0	0	0	0	0	0	0	1	1	0	0	0	0	0	1	0	1	0	0	0	0	0	0	0	0	0	4	0	0	0	0	0	0	0	0	0	0	0	0	1	0	6	0	0	0	1	3	0	0	0	1	0	1	0	0	0	0	0	0	0	0	0	0	785	16	870	35153	1	0	0	77	0	0	0	0	0	0	0	0	3	0	0	0	0	0	0	0	0	1	0	0	0	2	0	0	2	10	0	0	0	0	0	0	0	0	0	0	0	0	0	0	5	0	1	0	3	0	0	0	6	0	0	0	0	0	0	0	0	0	0	3	0	0	0	0	0	0	0	0	0	0	0	0	0	0	0	0
