sample	cst	subcst	dominant_taxon	dominant_frac	lacto_frac	lacto_dominant
StressDiet_1	I	I	Lactobacillus_crispatus	0.961	0.9621	True
StressDiet_10	I	I	Lactobacillus_crispatus	0.9599	0.9931	True
StressDiet_101	IV	IV	Escherichia/Shigella	0.2018	0.0399	False
StressDiet_102	I	I	Lactobacillus_crispatus	0.9706	0.9713	True
StressDiet_103	III	III	Lactobacillus_iners	0.6224	0.9426	True
StressDiet_104	I	I	Lactobacillus_crispatus	0.8295	0.8316	True
StressDiet_106	I	I	Lactobacillus_crispatus	0.5873	0.5932	True
StressDiet_107	IV	IV	Gardnerella_vaginalis	0.8882	0.001	False
StressDiet_108	IV	IV	Sneathia	0.294	0.2307	False
StressDiet_109	I	I	Lactobacillus_crispatus	0.8992	0.9108	True
StressDiet_11	II	II	Lactobacillus_gasseri	0.7366	0.9985	True
StressDiet_110	IV	IV	Streptococcus	0.4239	0.2356	False
StressDiet_111	III	III	Lactobacillus_iners	0.9779	0.9885	True
StressDiet_112	I	I	Lactobacillus_crispatus	0.7552	0.9064	True
StressDiet_113	III	III	Lactobacillus_iners	0.9968	0.9981	True
StressDiet_114	V	V	Lactobacillus_jensenii	0.9247	0.9303	True
StressDiet_115	IV	IV	Lactobacillus_iners	0.4525	0.9776	True
StressDiet_116	III	III	Lactobacillus_iners	0.9597	0.9695	True
StressDiet_117	III	III	Lactobacillus_iners	0.982	0.9833	True
StressDiet_118	I	I	Lactobacillus_crispatus	0.9163	0.925	True
StressDiet_119	III	III	Lactobacillus_iners	0.7724	0.9438	True
StressDiet_12	I	I	Lactobacillus_crispatus	0.9919	0.9921	True
StressDiet_120	I	I	Lactobacillus_crispatus	0.9951	0.9955	True
StressDiet_121	IV	IV	Streptococcus	0.44	0.3479	False
StressDiet_122	I	I	Lactobacillus_crispatus	0.6899	0.9748	True
StressDiet_123	IV	IV	Prevotella	0.3911	0.0007	False
StressDiet_15	IV	IV	Gardnerella_vaginalis	0.3532	0.408	False
StressDiet_16	I	I	Lactobacillus_crispatus	0.9474	0.9822	True
StressDiet_17	V	V	Lactobacillus_jensenii	0.6737	0.9967	True
StressDiet_18	I	I	Lactobacillus_crispatus	0.7529	0.7826	True
StressDiet_19	IV	IV	Gardnerella_vaginalis	0.3299	0.3622	False
StressDiet_2	IV	IV	Prevotella	0.2811	0.0094	False
StressDiet_21	I	I	Lactobacillus_crispatus	0.8833	0.8939	True
StressDiet_22	I	I	Lactobacillus_crispatus	0.7267	0.7319	True
StressDiet_23	I	I	Lactobacillus_crispatus	0.9671	0.9913	True
StressDiet_24	I	I	Lactobacillus_crispatus	0.6501	0.7234	True
StressDiet_25	I	I	Lactobacillus_crispatus	0.8284	0.842	True
StressDiet_26	V	V	Lactobacillus_jensenii	0.7303	0.7452	True
StressDiet_27	I	I	Lactobacillus_crispatus	0.9791	0.9875	True
StressDiet_28	IV	IV	Lactobacillus_iners	0.4016	0.6441	True
StressDiet_29	I	I	Lactobacillus_crispatus	0.9455	0.9566	True
StressDiet_3	III	III	Lactobacillus_iners	0.6068	0.8626	True
StressDiet_30	IV	IV	Gardnerella_vaginalis	0.4804	0.0025	False
StressDiet_31	I	I	Lactobacillus_crispatus	0.9325	0.9361	True
StressDiet_33	III	III	Lactobacillus_iners	0.9579	0.9896	True
StressDiet_34	IV	IV	Streptococcus	0.2692	0.0045	False
StressDiet_36	III	III	Lactobacillus_iners	0.8842	0.993	True
StressDiet_37	IV	IV	Lactobacillus_iners	0.2717	0.6159	True
StressDiet_39	I	I	Lactobacillus_crispatus	0.9729	0.974	True
StressDiet_4	II	II	Lactobacillus_gasseri	0.8094	0.8263	True
StressDiet_40	IV	IV	Lactobacillus_iners	0.3619	0.3792	False
StressDiet_41	IV	IV	Lactobacillus_iners	0.2697	0.2937	False
StressDiet_42	III	III	Lactobacillus_iners	0.9852	0.9983	True
StressDiet_43	I	I	Lactobacillus_crispatus	0.8479	0.8498	True
StressDiet_44	III	III	Lactobacillus_iners	0.9969	0.9975	True
StressDiet_45	I	I	Lactobacillus_crispatus	0.7865	0.9158	True
StressDiet_46	I	I	Lactobacillus_crispatus	0.8721	0.882	True
StressDiet_47	I	I	Lactobacillus_crispatus	0.9946	0.9952	True
StressDiet_48	IV	IV	Lactobacillus_iners	0.2082	0.2518	False
StressDiet_49	V	V	Lactobacillus_jensenii	0.5307	0.5628	True
StressDiet_5	I	I	Lactobacillus_crispatus	0.987	0.9873	True
StressDiet_50	IV	IV	Prevotella	0.3645	0.3642	False
StressDiet_51	IV	IV	Lactobacillus_crispatus	0.4146	0.9593	True
StressDiet_52	III	III	Lactobacillus_iners	0.9321	0.9408	True
StressDiet_53	IV	IV	Lactobacillus_iners	0.3388	0.3639	False
StressDiet_54	III	III	Lactobacillus_iners	0.9394	0.9475	True
StressDiet_55	I	I	Lactobacillus_crispatus	0.9176	0.9185	True
StressDiet_56	I	I	Lactobacillus_crispatus	0.9551	0.9713	True
StressDiet_57	IV	IV	Gardnerella_vaginalis	0.5077	0.199	False
StressDiet_58	IV	IV	Sneathia	0.3063	0.1814	False
StressDiet_59	I	I	Lactobacillus_crispatus	0.6301	0.812	True
StressDiet_6	II	II	Lactobacillus_gasseri	0.8041	0.8102	True
StressDiet_60	III	III	Lactobacillus_iners	0.992	0.9943	True
StressDiet_61	IV	IV	Lactobacillus_iners	0.4556	0.5147	True
StressDiet_62	III	III	Lactobacillus_iners	0.9403	0.9425	True
StressDiet_63	III	III	Lactobacillus_iners	0.5256	0.7011	True
StressDiet_64	I	I	Lactobacillus_crispatus	0.9145	0.917	True
StressDiet_65	IV	IV	Escherichia/Shigella	0.2579	0.0016	False
StressDiet_66	I	I	Lactobacillus_crispatus	0.9393	0.9579	True
StressDiet_67	I	I	Lactobacillus_crispatus	0.8716	0.8837	True
StressDiet_68	IV	IV	Lactobacillus_crispatus	0.4594	0.4969	False
StressDiet_69	I	I	Lactobacillus_crispatus	0.9929	0.9944	True
StressDiet_7	IV	IV	Lactobacillus_iners	0.4695	0.9153	True
StressDiet_70	IV	IV	Fannyhessea_vaginae	0.5618	0.0608	False
StressDiet_71	IV	IV	Lactobacillus_iners	0.3931	0.7183	True
StressDiet_72	I	I	Lactobacillus_crispatus	0.9114	0.9138	True
StressDiet_73	I	I	Lactobacillus_crispatus	0.8555	0.9072	True
StressDiet_74	I	I	Lactobacillus_crispatus	0.9384	0.9486	True
StressDiet_75	I	I	Lactobacillus_crispatus	0.5795	0.8273	True
StressDiet_76	IV	IV	Gardnerella_vaginalis	0.5478	0.001	False
StressDiet_77	I	I	Lactobacillus_crispatus	0.9373	0.9894	True
StressDiet_78	I	I	Lactobacillus_crispatus	0.6032	0.7917	True
StressDiet_79	I	I	Lactobacillus_crispatus	0.945	0.9457	True
StressDiet_8	III	III	Lactobacillus_iners	0.9932	0.9939	True
StressDiet_80	I	I	Lactobacillus_crispatus	0.9919	0.993	True
StressDiet_81	IV	IV	Lactobacillus_gasseri	0.4541	0.5019	True
StressDiet_82	IV	IV	Streptococcus	0.6081	0.0038	False
StressDiet_83	I	I	Lactobacillus_crispatus	0.7607	0.7634	True
StressDiet_84	I	I	Lactobacillus_crispatus	0.98	0.9806	True
StressDiet_85	I	I	Lactobacillus_crispatus	0.7749	0.9885	True
StressDiet_86	I	I	Lactobacillus_crispatus	0.8392	0.8429	True
StressDiet_88	I	I	Lactobacillus_crispatus	0.94	0.9774	True
StressDiet_89	IV	IV	Lactobacillus_gasseri	0.2488	0.3395	False
StressDiet_9	III	III	Lactobacillus_iners	0.5949	0.6087	True
StressDiet_91	III	III	Lactobacillus_iners	0.673	0.9975	True
StressDiet_92	IV	IV	Lactobacillus_iners	0.4432	0.9896	True
StressDiet_93	I	I	Lactobacillus_crispatus	0.9247	0.9256	True
StressDiet_94	IV	IV	Sneathia	0.33	0.0084	False
StressDiet_95	I	I	Lactobacillus_crispatus	0.6217	0.6458	True
StressDiet_96	III	III	Lactobacillus_iners	0.7251	0.7282	True
StressDiet_97	III	III	Lactobacillus_iners	0.708	0.9477	True
StressDiet_98	IV	IV	Lactobacillus_iners	0.4939	0.5643	True
StressDiet_99	III	III	Lactobacillus_iners	0.951	0.9983	True
