outcome	predictor	n	odds_ratio	ci_low	ci_high	p_value	per	covariates	q_value
lacto_depleted	other PUFA	113	0.4660670467331543	0.1929718473225658	1.1256486117763513	0.08971862631127323	SD	['Energy kcal']	0.6186617074643271
lacto_depleted	animal proteins	113	1.60778066242275	0.865385234807625	2.987061200593713	0.13296939085456336	SD	['Energy kcal']	0.6186617074643271
lacto_depleted	starch	113	0.4974867040054181	0.19555676900973504	1.2655814570645416	0.14276808633792165	SD	['Energy kcal']	0.6186617074643271
lacto_depleted	Alcohol	113	1.2357850921003746	0.8087399788372226	1.8883260798523078	0.3277473176547653	SD	['Energy kcal']	0.8907978003106396
lacto_depleted	carbo	113	1.5038704081102945	0.5839730777371861	3.8728261466321507	0.39785923197154727	SD	['Energy kcal']	0.8907978003106396
lacto_depleted	veg. Proteins	113	0.6856408050160826	0.2787645172124177	1.6863814598932063	0.41113744629721827	SD	['Energy kcal']	0.8907978003106396
lacto_depleted	monoins. FA	113	0.8537415409187087	0.32900045130248706	2.2154213339364537	0.7451709617015028	SD	['Energy kcal']	0.9833196102296742
lacto_depleted	MEDILITE	113	0.918575345376064	0.5449801848635578	1.548277696268912	0.7498418184827016	SD	['Energy kcal']	0.9833196102296742
lacto_depleted	saturated FA	113	0.8486925655920716	0.30211434647388286	2.3841273322434535	0.7555657953943589	SD	['Energy kcal']	0.9833196102296742
lacto_depleted	total lipids	113	0.8799873783544889	0.24137651690635575	3.208173669867121	0.8464008822479927	SD	['Energy kcal']	0.9833196102296742
lacto_depleted	fiber	113	1.0409756789219264	0.47972144519943055	2.258874134043512	0.9190754839835737	SD	['Energy kcal']	0.9833196102296742
lacto_depleted	linoleic acid	113	1.015913903988176	0.45883561981649046	2.2493481668430046	0.9689446786931519	SD	['Energy kcal']	0.9833196102296742
lacto_depleted	animal lipids	113	0.9915458436352416	0.4473570938025533	2.1977144738521894	0.9833196102296742	SD	['Energy kcal']	0.9833196102296742
