nutrient	median_cstIV	median_other	p_value
animal proteins	43.587	42.498000000000005	0.6570574068569067
veg. Proteins	20.916	26.582	0.0051518691754417435
animal lipids	34.554	34.560500000000005	0.3280759087902885
saturated FA	22.094	23.981	0.0882860918394075
fiber	17.58	22.2565	0.021412790415883714
carbo	83.912	95.48949999999999	0.3011911779244475
Alcohol	3.647	2.7935	0.45982481467390546
MEDILITE	11.0	12.0	0.16063811532257555
Energy kcal	1753.45	1994.5645	0.016120205378441905
animal proteins_dens	26.1531069524078	23.615098562665086	0.02559405237541432
veg. Proteins_dens	12.49782180599655	13.375925759067183	0.08154944697215068
animal lipids_dens	20.775838731482473	18.80855645330314	0.48094800113953995
saturated FA_dens	12.87827370233737	12.478080690902942	0.977707799733068
fiber_dens	10.090393224785425	11.056895245331052	0.32501408913012575
carbo_dens	50.68908034721569	49.71385034973514	0.5615177748126533
Alcohol_dens	2.0005398847257116	1.4920298479647611	0.2981766494243293
