sample	sample_alias	subject	sample_type	ibd	study_group	age	bmi	race	antibiotics_year	smoking	HEI2015	AHEI	animal_protein	vegetable_protein	total_protein	total_fat	saturated_fat	fiber	carbohydrate	added_sugar_pct	alcohol	energy_kcal
SAMN32378275	10001_BSL1	10001	Vaginal	CD	IBD_IBD_AID	39	21.4	White	No	Non_smoker	91.0	72.0	33.0	68.0	101.0	201.0	35.0	77.0	403.0	3.0	0.0	3601.0
SAMN32378274	10003_BSL1	10003	Vaginal	CD	IBD_IBD_AID	40	18.1	White	No	Non_smoker	86.0	89.0	40.0	47.0	87.0	119.0	23.0	39.0	227.0	2.0	0.0	2250.0
SAMN32378272	10007_BSL1	10007	Vaginal	CD	IBD_IBD_AID	33	24.9	White	No	Non_smoker	66.0	86.0	38.0	44.0	81.0	107.0	35.0	32.0	192.0	8.0	1.0	1966.0
SAMN32378271	10009_BSL1	10009	Vaginal	CD	IBD_IBD_AID	35	27.5	White	No	Non_smoker												
SAMN32378270	10010_BSL1	10010	Vaginal	CD	IBD_IBD_AID	34	26.6	White	Yes	Non_smoker	83.0	63.0	28.0	35.0	63.0	84.0	23.0	33.0	258.0	9.0	0.0	1955.0
SAMN32378269	10011U_BSL1	10011U	Vaginal	UC	IBD_IBD_AID	32	24.5	White	No	Non_smoker	79.0	74.0	57.0	37.0	94.0	119.0	35.0	32.0	279.0	14.0	0.0	2460.0
SAMN32378268	10012U_BSL1	10012U	Vaginal	UC	IBD_IBD_AID	36	38.2	White	missing	Non_smoker	45.0	50.0	42.0	26.0	68.0	83.0	26.0	21.0	289.0	17.0	0.0	2134.0
SAMN32378267	10013_BSL1	10013	Vaginal	CD	IBD_IBD_AID	36	22.7	White	No	Non_smoker	70.0	73.0	41.0	44.0	85.0	106.0	33.0	41.0	243.0	11.0	0.0	2170.0
SAMN32378234	10014U_BSL1	10014U	Vaginal	UC	IBD_IBD_AID	39	23.4	White	No	Ex_smoker	65.0	68.0	64.0	15.0	79.0	91.0	43.0	13.0	132.0	6.0	0.0	1626.0
SAMN32378233	10015_BSL1	10015	Vaginal	CD	IBD_IBD_AID	41	22.7	White	No	Non_smoker	83.0	65.0	49.0	30.0	79.0	82.0	21.0	29.0	207.0	5.0	0.0	1830.0
SAMN32378232	10017_BSL1	10017	Vaginal	CD	IBD_IBD_AID	36	25.2	White	Yes	Non_smoker	45.0	40.0	57.0	15.0	72.0	62.0	22.0	10.0	136.0	9.0	0.0	1379.0
SAMN32378266	20001_BSL1	20001	Vaginal	CD	IBD_nodiet	32	24.0	White	No	Non_smoker	73.0	87.0	48.0	32.0	80.0	78.0	21.0	21.0	286.0	16.0	0.0	2116.0
SAMN32378265	20002_BSL1	20002	Vaginal	CD	IBD_nodiet	37	24.1	White	missing	Non_smoker	64.0	75.0	65.0	28.0	93.0	106.0	44.0	22.0	301.0	13.0	0.0	2473.0
SAMN32378264	20003_BSL1	20003	Vaginal	CD	IBD_nodiet	33	23.4	White	No	Ex_smoker	69.0	67.0	11.0	84.0	96.0	73.0	16.0	29.0	300.0	8.0	0.0	2179.0
SAMN32378273	20005_BSL1	20005	Vaginal	CD	IBD_nodiet	34	21.1	White	Yes	Non_smoker	79.0	73.0	92.0	28.0	120.0	87.0	29.0	26.0	247.0	8.0	1.0	2226.0
SAMN32378263	20006_BSL1	20006	Vaginal	CD	IBD_nodiet	28	27.8	White	Yes	Non_smoker	70.0	79.0	38.0	45.0	84.0	105.0	24.0	30.0	240.0	7.0	0.0	2182.0
SAMN32378262	20008_BSL1	20008	Vaginal	CD	IBD_nodiet	28	41.6	White	missing	Non_smoker	62.0	66.0	38.0	20.0	58.0	62.0	22.0	15.0	202.0	14.0	0.0	1560.0
SAMN32378261	20009_BSL1	20009	Vaginal	CD	IBD_nodiet	33	26.3	White	Yes	Non_smoker	62.0	59.0	53.0	43.0	96.0	67.0	23.0	26.0	273.0	7.0	0.0	2043.0
SAMN32378260	20010U_BSL1	20010U	Vaginal	UC	IBD_nodiet	32	27.1	White	No	Non_smoker	48.0	53.0	68.0	16.0	85.0	84.0	30.0	21.0	183.0	15.0	0.0	1765.0
SAMN32378231	20011_BSL1	20011	Vaginal	CD	IBD_nodiet	29	23.9	White	No	Non_smoker	54.0	61.0	35.0	29.0	64.0	72.0	26.0	13.0	178.0	6.0	0.0	1594.0
SAMN32378230	20012U_BSL1	20012U	Vaginal	UC	IBD_nodiet	28	29.7	White	Yes	Non_smoker	47.0	44.0	45.0	19.0	64.0	48.0	15.0	11.0	178.0	11.0	0.0	1385.0
SAMN32378229	20013_BSL1	20013	Vaginal	CD	IBD_nodiet	22	25.6	White	No	Non_smoker	52.0	58.0	44.0	34.0	78.0	86.0	32.0	17.0	325.0	14.0	0.0	2351.0
SAMN32378228	20014_BSL1	20014	Vaginal	CD	IBD_nodiet	28	20.9	White	No	Non_smoker	72.0	84.0	31.0	23.0	54.0	60.0	17.0	15.0	146.0	9.0	0.0	1315.0
SAMN32378259	30001_BSL1	30001	Vaginal	HC	Control_nodiet	32	30.4	White	No	Non_smoker	62.0	67.0	54.0	34.0	88.0	100.0	37.0	26.0	304.0	9.0	0.0	2429.0
SAMN32378258	30002_BSL1	30002	Vaginal	HC	Control_nodiet	39	36.8	White	No	Non_smoker	65.0	64.0	65.0	27.0	92.0	86.0	26.0	20.0	218.0	7.0	0.0	1987.0
SAMN32378257	30003_BSL1	30003	Vaginal	HC	Control_nodiet	34	33.5	White	No	Non_smoker	74.0	87.0	30.0	40.0	69.0	88.0	25.0	35.0	275.0	11.0	0.0	2106.0
SAMN32378256	30004_BSL1	30004	Vaginal	HC	Control_nodiet	28	32.9	White	No	Ex_smoker	54.0	53.0	75.0	39.0	114.0	82.0	33.0	28.0	348.0	11.0	0.0	2518.0
SAMN32378255	30006_BSL1	30006	Vaginal	HC	Control_nodiet	37	20.0	White	Yes	Non_smoker	65.0	65.0	58.0	24.0	83.0	77.0	31.0	18.0	189.0	12.0	0.0	1743.0
SAMN32378254	30007_BSL1	30007	Vaginal	HC	Control_nodiet	31	26.0	White	No	Ex_smoker	60.0	88.0	89.0	44.0	133.0	134.0	49.0	35.0	261.0	5.0	0.0	2694.0
SAMN32378253	30009_BSL1	30009	Vaginal	HC	Control_nodiet	38	32.9	White	Yes	Non_smoker	41.0	55.0	66.0	22.0	87.0	62.0	26.0	17.0	166.0	15.0	0.0	1545.0
SAMN32378252	30010_BSL1	30010	Vaginal	HC	Control_nodiet	32	25.2	White	No	Non_smoker	65.0	62.0	39.0	22.0	61.0	55.0	18.0	22.0	217.0	15.0	0.0	1563.0
SAMN32378251	30011_BSL1	30011	Vaginal	HC	Control_nodiet	31	25.1	White	No	Non_smoker	52.0	66.0	75.0	39.0	114.0	142.0	57.0	26.0	281.0	6.0	0.0	2812.0
SAMN32378250	30012_BSL1	30012	Vaginal	HC	Control_nodiet	39	26.3	White	Yes	Ex_smoker	39.0	50.0	90.0	43.0	134.0	137.0	53.0	28.0	458.0	16.0	0.0	3564.0
SAMN32378249	30015_BSL1	30015	Vaginal	HC	Control_nodiet	27	24.0	White	No	Non_smoker	40.0	49.0	85.0	39.0	124.0	119.0	51.0	23.0	373.0	17.0	0.0	3002.0
SAMN32378248	30017_BSL1	30017	Vaginal	HC	Control_nodiet	38	27.5	White	No	Non_smoker	63.0	68.0	35.0	18.0	52.0	33.0	14.0	18.0	225.0	16.0	0.0	1372.0
SAMN32378247	30019_BSL1	30019	Vaginal	HC	Control_nodiet	36	31.9	White	Yes	Non_smoker	72.0	63.0	26.0	15.0	42.0	40.0	12.0	20.0	165.0	7.0	0.0	1148.0
SAMN32378246	30021_BSL1	30021	Vaginal	HC	Control_nodiet	38	25.0	White	No	Non_smoker	45.0	64.0	32.0	27.0	58.0	73.0	28.0	20.0	275.0	13.0	0.0	1938.0
SAMN32378245	30022_BSL1	30022	Vaginal	HC	Control_nodiet	22	35.3	Other	No	Non_smoker	35.0	51.0	55.0	22.0	77.0	78.0	32.0	14.0	270.0	14.0	0.0	2064.0
SAMN32378244	30027_BSL1	30027	Vaginal	HC	Control_nodiet	33	25.0	Asian	No	Non_smoker	84.0	85.0	25.0	24.0	49.0	40.0	10.0	29.0	195.0	9.0	0.0	1296.0
SAMN32378243	30031_BSL1	30031	Vaginal	HC	Control_nodiet	26	19.6	White	No	Non_smoker	79.0	79.0	42.0	35.0	77.0	67.0	24.0	23.0	145.0	7.0	0.0	1446.0
SAMN32378242	30033_BSL1	30033	Vaginal	HC	Control_nodiet	36	27.4	White	No	Non_smoker	69.0	83.0	51.0	37.0	88.0	100.0	34.0	25.0	201.0	6.0	0.0	1987.0
SAMN32378241	30035_BSL1	30035	Vaginal	HC	Control_nodiet	35	22.9	White	No	Non_smoker	62.0	67.0	50.0	27.0	77.0	115.0	43.0	24.0	177.0	7.0	0.0	2004.0
SAMN32378240	30036_BSL1	30036	Vaginal	HC	Control_nodiet	40	24.0	White	No	Ex_smoker	61.0	50.0	40.0	21.0	62.0	90.0	28.0	25.0	243.0	13.0	3.0	2004.0
SAMN32378239	30037_BSL1	30037	Vaginal	HC	Control_nodiet	42	21.6	White	No	Non_smoker	82.0	86.0	25.0	48.0	73.0	93.0	32.0	43.0	313.0	11.0	0.0	2269.0
SAMN32378238	30038_BSL1	30038	Vaginal	HC	Control_nodiet	37	25.8	White	No	Non_smoker	64.0	65.0	46.0	25.0	71.0	73.0	26.0	20.0	205.0	6.0	0.0	1720.0
SAMN32378237	30039_BSL1	30039	Vaginal	HC	Control_nodiet	39	23.6	White	No	Non_smoker	66.0	76.0	75.0	32.0	107.0	153.0	59.0	34.0	342.0	7.0	0.0	3053.0
SAMN32378236	30040_BSL1	30040	Vaginal	HC	Control_nodiet	31	23.1	White	Yes	Non_smoker	67.0	93.0	19.0	35.0	54.0	124.0	37.0	31.0	265.0	7.0	0.0	2330.0
SAMN32378235	30042_BSL1	30042	Vaginal	HC	Control_nodiet	38	26.1	Other	Yes	Non_smoker	68.0	90.0	30.0	34.0	64.0	97.0	33.0	29.0	233.0	7.0	0.0	2000.0
