run_accession	sample_accession	sample_alias	scientific_name	library_strategy	fastq_ftp	fastq_bytes
SRR22875272	SAMN32378235	30042_BSL1	vaginal metagenome	AMPLICON	ftp.sra.ebi.ac.uk/vol1/fastq/SRR228/072/SRR22875272/SRR22875272_1.fastq.gz;ftp.sra.ebi.ac.uk/vol1/fastq/SRR228/072/SRR22875272/SRR22875272_2.fastq.gz	11998275;20633397
SRR22875289	SAMN32378262	20008_BSL1	vaginal metagenome	AMPLICON	ftp.sra.ebi.ac.uk/vol1/fastq/SRR228/089/SRR22875289/SRR22875289_1.fastq.gz;ftp.sra.ebi.ac.uk/vol1/fastq/SRR228/089/SRR22875289/SRR22875289_2.fastq.gz	6308760;10396154
SRR22875290	SAMN32378261	20009_BSL1	vaginal metagenome	AMPLICON	ftp.sra.ebi.ac.uk/vol1/fastq/SRR228/090/SRR22875290/SRR22875290_1.fastq.gz;ftp.sra.ebi.ac.uk/vol1/fastq/SRR228/090/SRR22875290/SRR22875290_2.fastq.gz	8241768;15720054
SRR22875293	SAMN32378258	30002_BSL1	vaginal metagenome	AMPLICON	ftp.sra.ebi.ac.uk/vol1/fastq/SRR228/093/SRR22875293/SRR22875293_1.fastq.gz;ftp.sra.ebi.ac.uk/vol1/fastq/SRR228/093/SRR22875293/SRR22875293_2.fastq.gz	2599473;3955845
SRR22875295	SAMN32378257	30003_BSL1	vaginal metagenome	AMPLICON	ftp.sra.ebi.ac.uk/vol1/fastq/SRR228/095/SRR22875295/SRR22875295_1.fastq.gz;ftp.sra.ebi.ac.uk/vol1/fastq/SRR228/095/SRR22875295/SRR22875295_2.fastq.gz	13370103;21564048
SRR22875298	SAMN32378254	30007_BSL1	vaginal metagenome	AMPLICON	ftp.sra.ebi.ac.uk/vol1/fastq/SRR228/098/SRR22875298/SRR22875298_1.fastq.gz;ftp.sra.ebi.ac.uk/vol1/fastq/SRR228/098/SRR22875298/SRR22875298_2.fastq.gz	9942022;18571849
SRR22875307	SAMN32378246	30021_BSL1	vaginal metagenome	AMPLICON	ftp.sra.ebi.ac.uk/vol1/fastq/SRR228/007/SRR22875307/SRR22875307_1.fastq.gz;ftp.sra.ebi.ac.uk/vol1/fastq/SRR228/007/SRR22875307/SRR22875307_2.fastq.gz	12104483;21962940
SRR22875310	SAMN32378243	30031_BSL1	vaginal metagenome	AMPLICON	ftp.sra.ebi.ac.uk/vol1/fastq/SRR228/010/SRR22875310/SRR22875310_1.fastq.gz;ftp.sra.ebi.ac.uk/vol1/fastq/SRR228/010/SRR22875310/SRR22875310_2.fastq.gz	13710615;25385371
SRR22875317	SAMN32378228	20014_BSL1	vaginal metagenome	AMPLICON	ftp.sra.ebi.ac.uk/vol1/fastq/SRR228/017/SRR22875317/SRR22875317_1.fastq.gz;ftp.sra.ebi.ac.uk/vol1/fastq/SRR228/017/SRR22875317/SRR22875317_2.fastq.gz	7890670;18491577
SRR22875274	SAMN32378233	10015_BSL1	vaginal metagenome	AMPLICON	ftp.sra.ebi.ac.uk/vol1/fastq/SRR228/074/SRR22875274/SRR22875274_1.fastq.gz;ftp.sra.ebi.ac.uk/vol1/fastq/SRR228/074/SRR22875274/SRR22875274_2.fastq.gz	8175012;21760383
SRR22875275	SAMN32378275	10001_BSL1	vaginal metagenome	AMPLICON	ftp.sra.ebi.ac.uk/vol1/fastq/SRR228/075/SRR22875275/SRR22875275_1.fastq.gz;ftp.sra.ebi.ac.uk/vol1/fastq/SRR228/075/SRR22875275/SRR22875275_2.fastq.gz	8935916;15670197
SRR22875277	SAMN32378273	20005_BSL1	vaginal metagenome	AMPLICON	ftp.sra.ebi.ac.uk/vol1/fastq/SRR228/077/SRR22875277/SRR22875277_1.fastq.gz;ftp.sra.ebi.ac.uk/vol1/fastq/SRR228/077/SRR22875277/SRR22875277_2.fastq.gz	8571514;14940051
SRR22875282	SAMN32378268	10012U_BSL1	vaginal metagenome	AMPLICON	ftp.sra.ebi.ac.uk/vol1/fastq/SRR228/082/SRR22875282/SRR22875282_1.fastq.gz;ftp.sra.ebi.ac.uk/vol1/fastq/SRR228/082/SRR22875282/SRR22875282_2.fastq.gz	7173428;12031957
SRR22875283	SAMN32378232	10017_BSL1	vaginal metagenome	AMPLICON	ftp.sra.ebi.ac.uk/vol1/fastq/SRR228/083/SRR22875283/SRR22875283_1.fastq.gz;ftp.sra.ebi.ac.uk/vol1/fastq/SRR228/083/SRR22875283/SRR22875283_2.fastq.gz	11246352;25654907
SRR22875292	SAMN32378259	30001_BSL1	vaginal metagenome	AMPLICON	ftp.sra.ebi.ac.uk/vol1/fastq/SRR228/092/SRR22875292/SRR22875292_1.fastq.gz;ftp.sra.ebi.ac.uk/vol1/fastq/SRR228/092/SRR22875292/SRR22875292_2.fastq.gz	10803947;19882421
SRR22875297	SAMN32378255	30006_BSL1	vaginal metagenome	AMPLICON	ftp.sra.ebi.ac.uk/vol1/fastq/SRR228/097/SRR22875297/SRR22875297_1.fastq.gz;ftp.sra.ebi.ac.uk/vol1/fastq/SRR228/097/SRR22875297/SRR22875297_2.fastq.gz	5721710;9905322
SRR22875299	SAMN32378253	30009_BSL1	vaginal metagenome	AMPLICON	ftp.sra.ebi.ac.uk/vol1/fastq/SRR228/099/SRR22875299/SRR22875299_1.fastq.gz;ftp.sra.ebi.ac.uk/vol1/fastq/SRR228/099/SRR22875299/SRR22875299_2.fastq.gz	7763358;13759222
SRR22875311	SAMN32378242	30033_BSL1	vaginal metagenome	AMPLICON	ftp.sra.ebi.ac.uk/vol1/fastq/SRR228/011/SRR22875311/SRR22875311_1.fastq.gz;ftp.sra.ebi.ac.uk/vol1/fastq/SRR228/011/SRR22875311/SRR22875311_2.fastq.gz	18904264;33050139
SRR22875314	SAMN32378239	30037_BSL1	vaginal metagenome	AMPLICON	ftp.sra.ebi.ac.uk/vol1/fastq/SRR228/014/SRR22875314/SRR22875314_1.fastq.gz;ftp.sra.ebi.ac.uk/vol1/fastq/SRR228/014/SRR22875314/SRR22875314_2.fastq.gz	4499105;8672722
SRR22875271	SAMN32378236	30040_BSL1	vaginal metagenome	AMPLICON	ftp.sra.ebi.ac.uk/vol1/fastq/SRR228/071/SRR22875271/SRR22875271_1.fastq.gz;ftp.sra.ebi.ac.uk/vol1/fastq/SRR228/071/SRR22875271/SRR22875271_2.fastq.gz	12438124;19657409
SRR22875276	SAMN32378274	10003_BSL1	vaginal metagenome	AMPLICON	ftp.sra.ebi.ac.uk/vol1/fastq/SRR228/076/SRR22875276/SRR22875276_1.fastq.gz;ftp.sra.ebi.ac.uk/vol1/fastq/SRR228/076/SRR22875276/SRR22875276_2.fastq.gz	5865650;12097926
SRR22875278	SAMN32378272	10007_BSL1	vaginal metagenome	AMPLICON	ftp.sra.ebi.ac.uk/vol1/fastq/SRR228/078/SRR22875278/SRR22875278_1.fastq.gz;ftp.sra.ebi.ac.uk/vol1/fastq/SRR228/078/SRR22875278/SRR22875278_2.fastq.gz	4842537;8176969
SRR22875280	SAMN32378270	10010_BSL1	vaginal metagenome	AMPLICON	ftp.sra.ebi.ac.uk/vol1/fastq/SRR228/080/SRR22875280/SRR22875280_1.fastq.gz;ftp.sra.ebi.ac.uk/vol1/fastq/SRR228/080/SRR22875280/SRR22875280_2.fastq.gz	10882463;19098540
SRR22875287	SAMN32378264	20003_BSL1	vaginal metagenome	AMPLICON	ftp.sra.ebi.ac.uk/vol1/fastq/SRR228/087/SRR22875287/SRR22875287_1.fastq.gz;ftp.sra.ebi.ac.uk/vol1/fastq/SRR228/087/SRR22875287/SRR22875287_2.fastq.gz	8358902;15403240
SRR22875288	SAMN32378263	20006_BSL1	vaginal metagenome	AMPLICON	ftp.sra.ebi.ac.uk/vol1/fastq/SRR228/088/SRR22875288/SRR22875288_1.fastq.gz;ftp.sra.ebi.ac.uk/vol1/fastq/SRR228/088/SRR22875288/SRR22875288_2.fastq.gz	12099536;20958976
SRR22875291	SAMN32378260	20010U_BSL1	vaginal metagenome	AMPLICON	ftp.sra.ebi.ac.uk/vol1/fastq/SRR228/091/SRR22875291/SRR22875291_1.fastq.gz;ftp.sra.ebi.ac.uk/vol1/fastq/SRR228/091/SRR22875291/SRR22875291_2.fastq.gz	6855180;13524166
SRR22875308	SAMN32378245	30022_BSL1	vaginal metagenome	AMPLICON	ftp.sra.ebi.ac.uk/vol1/fastq/SRR228/008/SRR22875308/SRR22875308_1.fastq.gz;ftp.sra.ebi.ac.uk/vol1/fastq/SRR228/008/SRR22875308/SRR22875308_2.fastq.gz	9344660;18377375
SRR22875273	SAMN32378234	10014U_BSL1	vaginal metagenome	AMPLICON	ftp.sra.ebi.ac.uk/vol1/fastq/SRR228/073/SRR22875273/SRR22875273_1.fastq.gz;ftp.sra.ebi.ac.uk/vol1/fastq/SRR228/073/SRR22875273/SRR22875273_2.fastq.gz	3236374;8774481
SRR22875279	SAMN32378271	10009_BSL1	vaginal metagenome	AMPLICON	ftp.sra.ebi.ac.uk/vol1/fastq/SRR228/079/SRR22875279/SRR22875279_1.fastq.gz;ftp.sra.ebi.ac.uk/vol1/fastq/SRR228/079/SRR22875279/SRR22875279_2.fastq.gz	1273960;2420569
SRR22875284	SAMN32378267	10013_BSL1	vaginal metagenome	AMPLICON	ftp.sra.ebi.ac.uk/vol1/fastq/SRR228/084/SRR22875284/SRR22875284_1.fastq.gz;ftp.sra.ebi.ac.uk/vol1/fastq/SRR228/084/SRR22875284/SRR22875284_2.fastq.gz	6440842;12436024
SRR22875300	SAMN32378252	30010_BSL1	vaginal metagenome	AMPLICON	ftp.sra.ebi.ac.uk/vol1/fastq/SRR228/000/SRR22875300/SRR22875300_1.fastq.gz;ftp.sra.ebi.ac.uk/vol1/fastq/SRR228/000/SRR22875300/SRR22875300_2.fastq.gz	18016541;28586744
SRR22875301	SAMN32378251	30011_BSL1	vaginal metagenome	AMPLICON	ftp.sra.ebi.ac.uk/vol1/fastq/SRR228/001/SRR22875301/SRR22875301_1.fastq.gz;ftp.sra.ebi.ac.uk/vol1/fastq/SRR228/001/SRR22875301/SRR22875301_2.fastq.gz	12936291;22117397
SRR22875302	SAMN32378250	30012_BSL1	vaginal metagenome	AMPLICON	ftp.sra.ebi.ac.uk/vol1/fastq/SRR228/002/SRR22875302/SRR22875302_1.fastq.gz;ftp.sra.ebi.ac.uk/vol1/fastq/SRR228/002/SRR22875302/SRR22875302_2.fastq.gz	18791750;31540976
SRR22875303	SAMN32378249	30015_BSL1	vaginal metagenome	AMPLICON	ftp.sra.ebi.ac.uk/vol1/fastq/SRR228/003/SRR22875303/SRR22875303_1.fastq.gz;ftp.sra.ebi.ac.uk/vol1/fastq/SRR228/003/SRR22875303/SRR22875303_2.fastq.gz	8521850;15765130
SRR22875304	SAMN32378248	30017_BSL1	vaginal metagenome	AMPLICON	ftp.sra.ebi.ac.uk/vol1/fastq/SRR228/004/SRR22875304/SRR22875304_1.fastq.gz;ftp.sra.ebi.ac.uk/vol1/fastq/SRR228/004/SRR22875304/SRR22875304_2.fastq.gz	13378171;21940051
SRR22875305	SAMN32378230	20012U_BSL1	vaginal metagenome	AMPLICON	ftp.sra.ebi.ac.uk/vol1/fastq/SRR228/005/SRR22875305/SRR22875305_1.fastq.gz;ftp.sra.ebi.ac.uk/vol1/fastq/SRR228/005/SRR22875305/SRR22875305_2.fastq.gz	6682469;17851694
SRR22875306	SAMN32378247	30019_BSL1	vaginal metagenome	AMPLICON	ftp.sra.ebi.ac.uk/vol1/fastq/SRR228/006/SRR22875306/SRR22875306_1.fastq.gz;ftp.sra.ebi.ac.uk/vol1/fastq/SRR228/006/SRR22875306/SRR22875306_2.fastq.gz	9061348;18411631
SRR22875309	SAMN32378244	30027_BSL1	vaginal metagenome	AMPLICON	ftp.sra.ebi.ac.uk/vol1/fastq/SRR228/009/SRR22875309/SRR22875309_1.fastq.gz;ftp.sra.ebi.ac.uk/vol1/fastq/SRR228/009/SRR22875309/SRR22875309_2.fastq.gz	16684630;29269459
SRR22875270	SAMN32378237	30039_BSL1	vaginal metagenome	AMPLICON	ftp.sra.ebi.ac.uk/vol1/fastq/SRR228/070/SRR22875270/SRR22875270_1.fastq.gz;ftp.sra.ebi.ac.uk/vol1/fastq/SRR228/070/SRR22875270/SRR22875270_2.fastq.gz	2838616;4207250
SRR22875281	SAMN32378269	10011U_BSL1	vaginal metagenome	AMPLICON	ftp.sra.ebi.ac.uk/vol1/fastq/SRR228/081/SRR22875281/SRR22875281_1.fastq.gz;ftp.sra.ebi.ac.uk/vol1/fastq/SRR228/081/SRR22875281/SRR22875281_2.fastq.gz	19346963;34331098
SRR22875285	SAMN32378266	20001_BSL1	vaginal metagenome	AMPLICON	ftp.sra.ebi.ac.uk/vol1/fastq/SRR228/085/SRR22875285/SRR22875285_1.fastq.gz;ftp.sra.ebi.ac.uk/vol1/fastq/SRR228/085/SRR22875285/SRR22875285_2.fastq.gz	3361417;7097972
SRR22875286	SAMN32378265	20002_BSL1	vaginal metagenome	AMPLICON	ftp.sra.ebi.ac.uk/vol1/fastq/SRR228/086/SRR22875286/SRR22875286_1.fastq.gz;ftp.sra.ebi.ac.uk/vol1/fastq/SRR228/086/SRR22875286/SRR22875286_2.fastq.gz	7563367;13454558
SRR22875294	SAMN32378231	20011_BSL1	vaginal metagenome	AMPLICON	ftp.sra.ebi.ac.uk/vol1/fastq/SRR228/094/SRR22875294/SRR22875294_1.fastq.gz;ftp.sra.ebi.ac.uk/vol1/fastq/SRR228/094/SRR22875294/SRR22875294_2.fastq.gz	1519793;2731054
SRR22875296	SAMN32378256	30004_BSL1	vaginal metagenome	AMPLICON	ftp.sra.ebi.ac.uk/vol1/fastq/SRR228/096/SRR22875296/SRR22875296_1.fastq.gz;ftp.sra.ebi.ac.uk/vol1/fastq/SRR228/096/SRR22875296/SRR22875296_2.fastq.gz	7423121;13450679
SRR22875312	SAMN32378241	30035_BSL1	vaginal metagenome	AMPLICON	ftp.sra.ebi.ac.uk/vol1/fastq/SRR228/012/SRR22875312/SRR22875312_1.fastq.gz;ftp.sra.ebi.ac.uk/vol1/fastq/SRR228/012/SRR22875312/SRR22875312_2.fastq.gz	15040429;27194036
SRR22875313	SAMN32378240	30036_BSL1	vaginal metagenome	AMPLICON	ftp.sra.ebi.ac.uk/vol1/fastq/SRR228/013/SRR22875313/SRR22875313_1.fastq.gz;ftp.sra.ebi.ac.uk/vol1/fastq/SRR228/013/SRR22875313/SRR22875313_2.fastq.gz	9934570;16686756
SRR22875315	SAMN32378238	30038_BSL1	vaginal metagenome	AMPLICON	ftp.sra.ebi.ac.uk/vol1/fastq/SRR228/015/SRR22875315/SRR22875315_1.fastq.gz;ftp.sra.ebi.ac.uk/vol1/fastq/SRR228/015/SRR22875315/SRR22875315_2.fastq.gz	14123105;24341446
SRR22875316	SAMN32378229	20013_BSL1	vaginal metagenome	AMPLICON	ftp.sra.ebi.ac.uk/vol1/fastq/SRR228/016/SRR22875316/SRR22875316_1.fastq.gz;ftp.sra.ebi.ac.uk/vol1/fastq/SRR228/016/SRR22875316/SRR22875316_2.fastq.gz	618270;1376302
