run_accession	sample_alias
SRR22875272	30042_BSL1
SRR22875289	20008_BSL1
SRR22875290	20009_BSL1
SRR22875293	30002_BSL1
SRR22875295	30003_BSL1
SRR22875298	30007_BSL1
SRR22875307	30021_BSL1
SRR22875310	30031_BSL1
SRR22875317	20014_BSL1
SRR22875274	10015_BSL1
SRR22875275	10001_BSL1
SRR22875277	20005_BSL1
SRR22875282	10012U_BSL1
SRR22875283	10017_BSL1
SRR22875292	30001_BSL1
SRR22875297	30006_BSL1
SRR22875299	30009_BSL1
SRR22875311	30033_BSL1
SRR22875314	30037_BSL1
SRR22875271	30040_BSL1
SRR22875276	10003_BSL1
SRR22875278	10007_BSL1
SRR22875280	10010_BSL1
SRR22875287	20003_BSL1
SRR22875288	20006_BSL1
SRR22875291	20010U_BSL1
SRR22875308	30022_BSL1
SRR22875273	10014U_BSL1
SRR22875279	10009_BSL1
SRR22875284	10013_BSL1
SRR22875300	30010_BSL1
SRR22875301	30011_BSL1
SRR22875302	30012_BSL1
SRR22875303	30015_BSL1
SRR22875304	30017_BSL1
SRR22875305	20012U_BSL1
SRR22875306	30019_BSL1
SRR22875309	30027_BSL1
SRR22875270	30039_BSL1
SRR22875281	10011U_BSL1
SRR22875285	20001_BSL1
SRR22875286	20002_BSL1
SRR22875294	20011_BSL1
SRR22875296	30004_BSL1
SRR22875312	30035_BSL1
SRR22875313	30036_BSL1
SRR22875315	30038_BSL1
SRR22875316	20013_BSL1
